0-correct_AVE,0-incorrect_AVE,1-correct_AVE,1-incorrect_AVE,2-correct_AVE,2-incorrect_AVE,3-correct_AVE,3-incorrect_AVE,4-correct_AVE,4-incorrect_AVE,5-correct_AVE,5-incorrect_AVE,6-correct_AVE,6-incorrect_AVE,7-correct_AVE,7-incorrect_AVE,8-correct_AVE,8-incorrect_AVE,9-correct_AVE,9-incorrect_AVE,ID,alive,genomeLength,optimizeValue,score_AVE,score_LIST,timeOfBirth,totalCorrect_AVE,totalIncorrect_AVE,totalIncorrect_LIST,update
0.000000,0.000000,0.000000,0.000000,0.000000,0.000000,0.000000,0.000000,0.000000,0.000000,0.000000,0.000000,0.000000,1.000000,0.000000,1.000000,0.000000,0.000000,0.000000,0.000000,0,1,5000,3.125000,3.125000,"[3.125000]",-1,0.000000,10.000000,"[10]",0
1.000000,1.000000,0.000000,0.000000,0.000000,0.000000,0.000000,0.000000,1.000000,1.000000,0.000000,1.000000,1.000000,1.000000,0.000000,0.000000,1.000000,1.000000,0.000000,1.000000,1001,1,4671,3.125000,3.125000,"[3.125000]",9,4.000000,26.000000,"[26]",10
0.000000,1.000000,0.000000,0.000000,1.000000,1.000000,1.000000,1.000000,0.000000,1.000000,1.000000,0.750000,0.000000,0.000000,0.000000,0.000000,1.000000,1.000000,0.000000,0.400000,2001,1,6312,3.437500,3.437500,"[3.437500]",19,4.000000,27.000000,"[27]",20
0.000000,1.000000,0.000000,0.000000,0.000000,1.000000,0.000000,1.000000,1.000000,1.000000,1.000000,1.000000,0.000000,0.000000,0.000000,1.000000,1.000000,1.000000,1.000000,1.000000,3001,1,5525,6.250000,6.250000,"[6.250000]",29,4.000000,36.000000,"[36]",30
1.000000,1.000000,0.000000,0.000000,0.000000,1.000000,0.000000,1.000000,1.000000,1.000000,1.000000,1.000000,0.000000,0.000000,0.000000,1.000000,0.000000,1.000000,0.000000,1.000000,4001,1,4915,7.812500,7.812500,"[7.812500]",39,3.000000,37.000000,"[37]",40
0.000000,1.000000,0.000000,1.000000,0.000000,1.000000,1.000000,1.000000,1.000000,1.000000,0.000000,0.000000,0.000000,0.000000,0.000000,0.000000,1.000000,1.000000,0.000000,1.000000,5001,1,4451,6.250000,6.250000,"[6.250000]",49,3.000000,32.000000,"[32]",50
0.000000,1.000000,0.000000,0.000000,1.000000,1.000000,0.000000,1.000000,1.000000,1.000000,1.000000,1.000000,0.000000,0.000000,0.000000,1.000000,0.000000,1.000000,1.000000,1.000000,6001,1,4341,6.250000,6.250000,"[6.250000]",59,4.000000,36.000000,"[36]",60
1.000000,1.000000,0.000000,0.000000,0.000000,1.000000,1.000000,1.000000,0.000000,1.000000,1.000000,1.000000,0.000000,0.000000,0.000000,0.000000,0.000000,1.000000,0.000000,1.000000,7001,1,3923,6.250000,6.250000,"[6.250000]",69,3.000000,32.000000,"[32]",70
1.000000,1.000000,1.000000,1.000000,1.000000,1.000000,0.000000,1.000000,0.000000,0.000000,1.000000,1.000000,0.000000,1.000000,0.000000,0.000000,0.000000,0.400000,0.000000,1.000000,8001,1,5294,4.937500,4.937500,"[4.937500]",79,4.000000,33.000000,"[33]",80
0.000000,0.400000,1.000000,1.000000,0.000000,0.250000,0.000000,0.400000,1.000000,1.000000,1.000000,0.500000,0.000000,0.600000,0.000000,0.000000,0.000000,1.000000,0.000000,0.250000,9001,1,4517,3.000000,3.000000,"[3.000000]",89,3.000000,24.000000,"[24]",90
0.000000,1.000000,1.000000,1.000000,0.000000,0.000000,0.000000,1.000000,0.000000,1.000000,1.000000,1.000000,1.000000,1.000000,0.000000,0.000000,0.000000,1.000000,1.000000,1.000000,10001,1,6654,6.250000,6.250000,"[6.250000]",99,4.000000,36.000000,"[36]",100
1.000000,1.000000,0.000000,0.600000,0.000000,1.000000,0.000000,1.000000,0.000000,1.000000,1.000000,1.000000,0.000000,0.000000,0.000000,1.000000,1.000000,1.000000,1.000000,1.000000,11001,1,4628,6.812500,6.812500,"[6.812500]",109,4.000000,39.000000,"[39]",110
0.000000,0.800000,0.000000,0.600000,1.000000,0.250000,0.000000,1.000000,1.000000,1.000000,1.000000,1.000000,1.000000,0.750000,0.000000,0.000000,0.000000,0.400000,0.000000,1.000000,12001,1,2806,5.562500,5.562500,"[5.562500]",119,4.000000,31.000000,"[31]",120
1.000000,1.000000,1.000000,1.000000,1.000000,1.000000,0.000000,1.000000,0.000000,1.000000,0.000000,1.000000,1.000000,1.000000,1.000000,1.000000,0.000000,1.000000,0.000000,1.000000,13001,1,4005,7.812500,7.812500,"[7.812500]",129,5.000000,45.000000,"[45]",130
0.000000,1.000000,0.000000,0.800000,0.000000,1.000000,1.000000,1.000000,0.000000,1.000000,1.000000,1.000000,1.000000,1.000000,0.000000,1.000000,1.000000,1.000000,1.000000,1.000000,14001,1,4443,7.250000,7.250000,"[7.250000]",139,5.000000,44.000000,"[44]",140
0.000000,1.000000,1.000000,0.750000,0.000000,1.000000,0.000000,1.000000,1.000000,1.000000,0.000000,1.000000,1.000000,1.000000,1.000000,1.000000,1.000000,1.000000,0.000000,1.000000,15001,1,3883,7.875000,7.875000,"[7.875000]",149,5.000000,44.000000,"[44]",150
1.000000,1.000000,0.000000,0.800000,0.000000,1.000000,0.000000,1.000000,0.000000,1.000000,1.000000,1.000000,1.000000,1.000000,1.000000,1.000000,1.000000,1.000000,0.000000,1.000000,16001,1,4834,7.250000,7.250000,"[7.250000]",159,5.000000,44.000000,"[44]",160
0.000000,1.000000,0.000000,0.750000,1.000000,1.000000,1.000000,1.000000,0.000000,1.000000,0.000000,0.800000,0.000000,1.000000,1.000000,1.000000,0.000000,0.800000,1.000000,1.000000,17001,1,5038,7.250000,7.250000,"[7.250000]",169,4.000000,42.000000,"[42]",170
1.000000,1.000000,0.000000,1.000000,0.000000,0.000000,0.000000,0.600000,0.000000,1.000000,0.000000,1.000000,0.000000,0.500000,1.000000,0.500000,0.000000,0.800000,0.000000,0.750000,18001,1,2621,7.312500,7.312500,"[7.312500]",179,2.000000,33.000000,"[33]",180
0.000000,1.000000,0.000000,0.750000,1.000000,1.000000,0.000000,1.000000,0.000000,1.000000,0.000000,1.000000,1.000000,1.000000,1.000000,1.000000,1.000000,1.000000,0.000000,1.000000,19001,1,6366,8.375000,8.375000,"[8.375000]",189,4.000000,44.000000,"[44]",190
0.000000,1.000000,0.000000,0.750000,0.000000,0.200000,1.000000,0.000000,0.000000,0.000000,0.000000,0.000000,0.000000,1.000000,1.000000,0.750000,0.000000,0.000000,0.000000,0.250000,20001,1,2621,4.875000,4.875000,"[4.875000]",199,2.000000,18.000000,"[18]",200
0.000000,0.000000,0.000000,0.800000,1.000000,1.000000,1.000000,1.000000,1.000000,0.750000,0.000000,0.750000,0.000000,1.000000,0.000000,0.000000,1.000000,1.000000,0.000000,1.000000,21001,1,6413,4.750000,4.750000,"[4.750000]",209,4.000000,32.000000,"[32]",210
1.000000,1.000000,1.000000,1.000000,1.000000,1.000000,0.000000,1.000000,1.000000,1.000000,0.000000,1.000000,0.000000,1.000000,1.000000,1.000000,0.000000,1.000000,0.000000,1.000000,22001,1,4272,7.812500,7.812500,"[7.812500]",219,5.000000,45.000000,"[45]",220
0.000000,0.000000,0.000000,1.000000,0.000000,1.000000,1.000000,1.000000,1.000000,1.000000,1.000000,1.000000,1.000000,1.000000,0.000000,1.000000,1.000000,1.000000,0.000000,1.000000,23001,1,4224,6.250000,6.250000,"[6.250000]",229,5.000000,40.000000,"[40]",230
0.000000,1.000000,0.000000,0.750000,0.000000,0.200000,0.000000,0.000000,1.000000,1.000000,1.000000,1.000000,0.000000,1.000000,0.000000,0.200000,1.000000,1.000000,0.000000,0.000000,24001,1,5358,3.812500,3.812500,"[3.812500]",239,3.000000,27.000000,"[27]",240
0.000000,1.000000,1.000000,1.000000,0.000000,1.000000,1.000000,1.000000,0.000000,1.000000,0.000000,1.000000,1.000000,1.000000,1.000000,1.000000,0.000000,1.000000,1.000000,1.000000,25001,1,6583,7.812500,7.812500,"[7.812500]",249,5.000000,45.000000,"[45]",250
1.000000,1.000000,1.000000,1.000000,0.000000,1.000000,1.000000,1.000000,1.000000,1.000000,0.000000,1.000000,0.000000,1.000000,0.000000,1.000000,1.000000,1.000000,0.000000,1.000000,26001,1,6467,7.812500,7.812500,"[7.812500]",259,5.000000,45.000000,"[45]",260
1.000000,1.000000,1.000000,0.750000,0.000000,1.000000,1.000000,0.750000,1.000000,1.000000,0.000000,0.000000,0.000000,1.000000,0.000000,0.800000,0.000000,0.000000,0.000000,1.000000,27001,1,6252,5.812500,5.812500,"[5.812500]",269,4.000000,33.000000,"[33]",270
1.000000,1.000000,1.000000,1.000000,1.000000,1.000000,0.000000,1.000000,0.000000,1.000000,0.000000,0.800000,1.000000,1.000000,0.000000,1.000000,1.000000,1.000000,0.000000,1.000000,28001,1,6506,7.250000,7.250000,"[7.250000]",279,5.000000,44.000000,"[44]",280
1.000000,1.000000,0.000000,0.600000,1.000000,1.000000,1.000000,1.000000,0.000000,1.000000,1.000000,1.000000,0.000000,1.000000,1.000000,1.000000,0.000000,1.000000,0.000000,0.000000,29001,1,7753,5.250000,5.250000,"[5.250000]",289,5.000000,38.000000,"[38]",290
0.000000,1.000000,0.000000,1.000000,1.000000,0.250000,0.000000,1.000000,1.000000,1.000000,1.000000,1.000000,1.000000,1.000000,1.000000,1.000000,0.000000,1.000000,0.000000,1.000000,30001,1,3106,8.375000,8.375000,"[8.375000]",299,5.000000,42.000000,"[42]",300
0.000000,1.000000,1.000000,1.000000,1.000000,1.000000,1.000000,1.000000,0.000000,1.000000,0.000000,1.000000,0.000000,0.000000,1.000000,1.000000,0.000000,1.000000,0.000000,1.000000,31001,1,3637,7.812500,7.812500,"[7.812500]",309,4.000000,41.000000,"[41]",310
0.000000,1.000000,0.000000,1.000000,1.000000,1.000000,1.000000,1.000000,1.000000,1.000000,1.000000,1.000000,0.000000,1.000000,0.000000,1.000000,1.000000,1.000000,0.000000,1.000000,32001,1,6190,7.812500,7.812500,"[7.812500]",319,5.000000,45.000000,"[45]",320
1.000000,1.000000,0.000000,0.000000,1.000000,1.000000,1.000000,1.000000,1.000000,1.000000,0.000000,1.000000,0.000000,1.000000,0.000000,1.000000,0.000000,1.000000,1.000000,1.000000,33001,1,3791,6.250000,6.250000,"[6.250000]",329,5.000000,40.000000,"[40]",330
1.000000,1.000000,0.000000,1.000000,1.000000,1.000000,1.000000,1.000000,0.000000,1.000000,1.000000,1.000000,0.000000,1.000000,0.000000,1.000000,1.000000,1.000000,0.000000,1.000000,34001,1,7768,7.812500,7.812500,"[7.812500]",339,5.000000,45.000000,"[45]",340
0.000000,1.000000,1.000000,1.000000,1.000000,1.000000,0.000000,1.000000,0.000000,1.000000,1.000000,1.000000,0.000000,1.000000,0.000000,0.000000,1.000000,1.000000,0.000000,1.000000,35001,1,7351,7.812500,7.812500,"[7.812500]",349,4.000000,41.000000,"[41]",350
1.000000,0.750000,1.000000,1.000000,0.000000,1.000000,1.000000,1.000000,0.000000,1.000000,0.000000,1.000000,0.000000,1.000000,1.000000,1.000000,0.000000,1.000000,1.000000,1.000000,36001,1,6084,7.875000,7.875000,"[7.875000]",359,5.000000,44.000000,"[44]",360
0.000000,1.000000,0.000000,1.000000,1.000000,1.000000,0.000000,1.000000,1.000000,1.000000,0.000000,1.000000,1.000000,1.000000,1.000000,1.000000,1.000000,1.000000,0.000000,1.000000,37001,1,7723,7.812500,7.812500,"[7.812500]",369,5.000000,45.000000,"[45]",370
0.000000,1.000000,0.000000,0.800000,0.000000,1.000000,1.000000,1.000000,0.000000,1.000000,0.000000,0.500000,1.000000,1.000000,1.000000,1.000000,1.000000,0.750000,0.000000,1.000000,38001,1,7540,7.562500,7.562500,"[7.562500]",379,4.000000,41.000000,"[41]",380
1.000000,1.000000,0.000000,1.000000,0.000000,1.000000,0.000000,1.000000,0.000000,1.000000,1.000000,1.000000,1.000000,1.000000,0.000000,0.000000,0.000000,1.000000,1.000000,1.000000,39001,1,7600,7.812500,7.812500,"[7.812500]",389,4.000000,41.000000,"[41]",390
0.000000,1.000000,1.000000,1.000000,0.000000,1.000000,0.000000,1.000000,0.000000,1.000000,1.000000,1.000000,1.000000,1.000000,1.000000,1.000000,1.000000,1.000000,0.000000,1.000000,40001,1,9206,7.812500,7.812500,"[7.812500]",399,5.000000,45.000000,"[45]",400
1.000000,1.000000,0.000000,0.000000,1.000000,1.000000,0.000000,0.000000,0.000000,1.000000,1.000000,1.000000,0.000000,1.000000,0.000000,1.000000,0.000000,0.000000,0.000000,0.000000,41001,1,7692,4.687500,4.687500,"[4.687500]",409,3.000000,27.000000,"[27]",410
1.000000,1.000000,1.000000,1.000000,0.000000,1.000000,1.000000,1.000000,0.000000,1.000000,1.000000,1.000000,0.000000,1.000000,0.000000,1.000000,0.000000,1.000000,1.000000,1.000000,42001,1,8070,7.812500,7.812500,"[7.812500]",419,5.000000,45.000000,"[45]",420
1.000000,1.000000,1.000000,1.000000,0.000000,1.000000,0.000000,1.000000,0.000000,1.000000,0.000000,1.000000,1.000000,1.000000,1.000000,0.750000,1.000000,1.000000,0.000000,1.000000,43001,1,8172,7.875000,7.875000,"[7.875000]",429,5.000000,44.000000,"[44]",430
0.000000,1.000000,0.000000,1.000000,0.000000,1.000000,1.000000,1.000000,0.000000,1.000000,1.000000,1.000000,0.000000,1.000000,1.000000,1.000000,1.000000,1.000000,1.000000,1.000000,44001,1,5629,7.812500,7.812500,"[7.812500]",439,5.000000,45.000000,"[45]",440
0.000000,0.000000,1.000000,1.000000,1.000000,1.000000,1.000000,1.000000,0.000000,1.000000,1.000000,1.000000,0.000000,1.000000,0.000000,1.000000,0.000000,1.000000,1.000000,1.000000,45001,1,2690,6.250000,6.250000,"[6.250000]",449,5.000000,40.000000,"[40]",450
0.000000,1.000000,1.000000,1.000000,0.000000,1.000000,1.000000,1.000000,0.000000,1.000000,0.000000,1.000000,0.000000,1.000000,1.000000,1.000000,1.000000,1.000000,1.000000,1.000000,46001,1,4895,7.812500,7.812500,"[7.812500]",459,5.000000,45.000000,"[45]",460
0.000000,1.000000,1.000000,1.000000,1.000000,1.000000,1.000000,1.000000,1.000000,1.000000,0.000000,1.000000,0.000000,1.000000,1.000000,1.000000,0.000000,1.000000,0.000000,1.000000,47001,1,4025,7.812500,7.812500,"[7.812500]",469,5.000000,45.000000,"[45]",470
0.000000,1.000000,1.000000,1.000000,1.000000,1.000000,1.000000,1.000000,0.000000,1.000000,0.000000,1.000000,1.000000,1.000000,0.000000,1.000000,1.000000,1.000000,0.000000,1.000000,48001,1,4727,7.812500,7.812500,"[7.812500]",479,5.000000,45.000000,"[45]",480
0.000000,1.000000,0.000000,1.000000,1.000000,1.000000,0.000000,1.000000,1.000000,1.000000,1.000000,1.000000,1.000000,1.000000,0.000000,1.000000,0.000000,1.000000,1.000000,1.000000,49001,1,3737,7.812500,7.812500,"[7.812500]",489,5.000000,45.000000,"[45]",490
1.000000,1.000000,1.000000,1.000000,1.000000,1.000000,1.000000,1.000000,0.000000,1.000000,1.000000,1.000000,0.000000,1.000000,0.000000,1.000000,0.000000,1.000000,0.000000,1.000000,50001,1,5084,7.812500,7.812500,"[7.812500]",499,5.000000,45.000000,"[45]",500
0.000000,1.000000,0.000000,1.000000,0.000000,1.000000,1.000000,1.000000,0.000000,1.000000,1.000000,1.000000,1.000000,1.000000,1.000000,1.000000,1.000000,1.000000,0.000000,0.400000,51001,1,4930,6.500000,6.500000,"[6.500000]",509,5.000000,42.000000,"[42]",510
0.000000,1.000000,0.000000,1.000000,1.000000,1.000000,1.000000,1.000000,0.000000,1.000000,0.000000,1.000000,1.000000,1.000000,0.000000,1.000000,1.000000,1.000000,1.000000,1.000000,52001,1,4325,7.812500,7.812500,"[7.812500]",519,5.000000,45.000000,"[45]",520
1.000000,1.000000,1.000000,1.000000,1.000000,1.000000,1.000000,1.000000,0.000000,1.000000,0.000000,1.000000,1.000000,1.000000,0.000000,0.600000,0.000000,1.000000,0.000000,0.000000,53001,1,4464,5.250000,5.250000,"[5.250000]",529,5.000000,38.000000,"[38]",530
0.000000,1.000000,1.000000,1.000000,1.000000,1.000000,0.000000,1.000000,1.000000,1.000000,0.000000,1.000000,0.000000,1.000000,0.000000,1.000000,1.000000,1.000000,1.000000,1.000000,54001,1,4558,7.812500,7.812500,"[7.812500]",539,5.000000,45.000000,"[45]",540
0.000000,1.000000,0.000000,1.000000,1.000000,1.000000,1.000000,1.000000,1.000000,1.000000,1.000000,1.000000,0.000000,1.000000,0.000000,1.000000,1.000000,1.000000,0.000000,1.000000,55001,1,3795,7.812500,7.812500,"[7.812500]",549,5.000000,45.000000,"[45]",550
1.000000,1.000000,1.000000,1.000000,1.000000,1.000000,0.000000,1.000000,0.000000,1.000000,0.000000,1.000000,1.000000,1.000000,0.000000,1.000000,1.000000,1.000000,0.000000,1.000000,56001,1,4279,7.812500,7.812500,"[7.812500]",559,5.000000,45.000000,"[45]",560
0.000000,1.000000,0.000000,1.000000,0.000000,1.000000,0.000000,1.000000,1.000000,1.000000,1.000000,1.000000,0.000000,1.000000,1.000000,1.000000,1.000000,1.000000,1.000000,1.000000,57001,1,7030,7.812500,7.812500,"[7.812500]",569,5.000000,45.000000,"[45]",570
1.000000,1.000000,0.000000,1.000000,0.000000,0.000000,0.000000,1.000000,1.000000,1.000000,0.000000,0.000000,0.000000,0.000000,0.000000,0.000000,0.000000,1.000000,1.000000,1.000000,58001,1,3865,4.687500,4.687500,"[4.687500]",579,3.000000,27.000000,"[27]",580
1.000000,1.000000,0.000000,1.000000,1.000000,1.000000,0.000000,1.000000,0.000000,1.000000,1.000000,1.000000,1.000000,1.000000,0.000000,1.000000,1.000000,1.000000,0.000000,1.000000,59001,1,4895,7.812500,7.812500,"[7.812500]",589,5.000000,45.000000,"[45]",590
0.000000,1.000000,1.000000,1.000000,1.000000,1.000000,0.000000,1.000000,1.000000,1.000000,1.000000,1.000000,0.000000,1.000000,0.000000,1.000000,0.000000,1.000000,1.000000,1.000000,60001,1,4530,7.812500,7.812500,"[7.812500]",599,5.000000,45.000000,"[45]",600
0.000000,1.000000,1.000000,1.000000,1.000000,1.000000,0.000000,1.000000,0.000000,1.000000,1.000000,1.000000,0.000000,1.000000,0.000000,1.000000,1.000000,1.000000,1.000000,1.000000,61001,1,5419,7.812500,7.812500,"[7.812500]",609,5.000000,45.000000,"[45]",610
1.000000,1.000000,0.000000,1.000000,1.000000,1.000000,0.000000,1.000000,0.000000,1.000000,0.000000,1.000000,0.000000,0.000000,1.000000,1.000000,1.000000,1.000000,1.000000,1.000000,62001,1,6668,6.250000,6.250000,"[6.250000]",619,5.000000,40.000000,"[40]",620
1.000000,1.000000,1.000000,1.000000,0.000000,1.000000,0.000000,0.000000,1.000000,1.000000,0.000000,1.000000,0.000000,1.000000,0.000000,1.000000,1.000000,1.000000,0.000000,1.000000,63001,1,4530,7.812500,7.812500,"[7.812500]",629,4.000000,41.000000,"[41]",630
1.000000,1.000000,0.000000,1.000000,0.000000,1.000000,1.000000,1.000000,1.000000,1.000000,1.000000,1.000000,0.000000,1.000000,0.000000,0.000000,0.000000,1.000000,0.000000,1.000000,64001,1,5967,7.812500,7.812500,"[7.812500]",639,4.000000,41.000000,"[41]",640
0.000000,1.000000,1.000000,1.000000,0.000000,1.000000,1.000000,1.000000,1.000000,1.000000,0.000000,1.000000,0.000000,1.000000,1.000000,1.000000,0.000000,1.000000,1.000000,1.000000,65001,1,6005,7.812500,7.812500,"[7.812500]",649,5.000000,45.000000,"[45]",650
1.000000,1.000000,1.000000,1.000000,0.000000,1.000000,0.000000,1.000000,0.000000,0.000000,1.000000,1.000000,0.000000,1.000000,0.000000,1.000000,0.000000,1.000000,1.000000,1.000000,66001,1,5316,7.812500,7.812500,"[7.812500]",659,4.000000,41.000000,"[41]",660
0.000000,1.000000,1.000000,1.000000,0.000000,1.000000,0.000000,1.000000,1.000000,1.000000,1.000000,1.000000,1.000000,1.000000,1.000000,1.000000,0.000000,1.000000,0.000000,1.000000,67001,1,4985,7.812500,7.812500,"[7.812500]",669,5.000000,45.000000,"[45]",670
1.000000,1.000000,1.000000,1.000000,0.000000,1.000000,1.000000,1.000000,1.000000,1.000000,0.000000,1.000000,1.000000,1.000000,0.000000,1.000000,0.000000,1.000000,0.000000,1.000000,68001,1,5670,7.812500,7.812500,"[7.812500]",679,5.000000,45.000000,"[45]",680
0.000000,1.000000,0.000000,1.000000,1.000000,1.000000,0.000000,0.000000,0.000000,1.000000,1.000000,1.000000,1.000000,1.000000,1.000000,1.000000,0.000000,1.000000,0.000000,1.000000,69001,1,5734,7.812500,7.812500,"[7.812500]",689,4.000000,41.000000,"[41]",690
1.000000,1.000000,1.000000,1.000000,0.000000,1.000000,0.000000,1.000000,0.000000,1.000000,1.000000,1.000000,0.000000,1.000000,0.000000,1.000000,1.000000,1.000000,1.000000,1.000000,70001,1,3287,7.812500,7.812500,"[7.812500]",699,5.000000,45.000000,"[45]",700
0.000000,1.000000,0.000000,1.000000,1.000000,1.000000,1.000000,1.000000,0.000000,1.000000,1.000000,1.000000,1.000000,1.000000,0.000000,1.000000,1.000000,1.000000,0.000000,1.000000,71001,1,5850,7.812500,7.812500,"[7.812500]",709,5.000000,45.000000,"[45]",710
1.000000,1.000000,0.000000,1.000000,0.000000,1.000000,0.000000,1.000000,1.000000,1.000000,1.000000,1.000000,0.000000,1.000000,1.000000,1.000000,1.000000,1.000000,0.000000,1.000000,72001,1,2822,7.812500,7.812500,"[7.812500]",719,5.000000,45.000000,"[45]",720
0.000000,0.800000,0.000000,1.000000,0.000000,0.000000,1.000000,1.000000,1.000000,1.000000,1.000000,1.000000,1.000000,1.000000,0.000000,0.200000,0.000000,1.000000,1.000000,1.000000,73001,1,4640,4.187500,4.187500,"[4.187500]",729,5.000000,35.000000,"[35]",730
0.000000,1.000000,0.000000,1.000000,1.000000,1.000000,1.000000,1.000000,1.000000,1.000000,1.000000,1.000000,0.000000,1.000000,0.000000,1.000000,1.000000,1.000000,0.000000,1.000000,74001,1,4049,7.812500,7.812500,"[7.812500]",739,5.000000,45.000000,"[45]",740
1.000000,1.000000,1.000000,1.000000,0.000000,0.000000,1.000000,1.000000,0.000000,1.000000,0.000000,1.000000,0.000000,1.000000,1.000000,1.000000,0.000000,1.000000,1.000000,1.000000,75001,1,3742,6.250000,6.250000,"[6.250000]",749,5.000000,40.000000,"[40]",750
0.000000,1.000000,1.000000,1.000000,0.000000,0.000000,1.000000,1.000000,0.000000,1.000000,0.000000,1.000000,1.000000,1.000000,0.000000,0.000000,0.000000,1.000000,0.000000,1.000000,76001,1,1688,7.250000,7.250000,"[7.250000]",759,3.000000,36.000000,"[36]",760
0.000000,1.000000,0.000000,1.000000,0.000000,0.000000,1.000000,0.750000,1.000000,1.000000,0.000000,0.000000,1.000000,1.000000,0.000000,0.000000,1.000000,1.000000,0.000000,1.000000,77001,1,2258,4.750000,4.750000,"[4.750000]",769,4.000000,30.000000,"[30]",770
1.000000,1.000000,1.000000,1.000000,0.000000,1.000000,1.000000,1.000000,0.000000,1.000000,0.000000,1.000000,1.000000,1.000000,1.000000,1.000000,0.000000,1.000000,0.000000,1.000000,78001,1,2999,7.812500,7.812500,"[7.812500]",779,5.000000,45.000000,"[45]",780
1.000000,1.000000,1.000000,1.000000,0.000000,1.000000,0.000000,0.000000,0.000000,1.000000,0.000000,1.000000,1.000000,1.000000,1.000000,1.000000,0.000000,1.000000,0.000000,1.000000,79001,1,2999,7.812500,7.812500,"[7.812500]",789,4.000000,41.000000,"[41]",790
1.000000,1.000000,0.000000,1.000000,1.000000,1.000000,1.000000,1.000000,0.000000,1.000000,0.000000,1.000000,0.000000,1.000000,1.000000,1.000000,1.000000,1.000000,0.000000,1.000000,80001,1,4921,7.812500,7.812500,"[7.812500]",799,5.000000,45.000000,"[45]",800
1.000000,1.000000,0.000000,1.000000,0.000000,1.000000,1.000000,1.000000,0.000000,1.000000,1.000000,1.000000,0.000000,1.000000,1.000000,1.000000,0.000000,1.000000,1.000000,1.000000,81001,1,4932,7.812500,7.812500,"[7.812500]",809,5.000000,45.000000,"[45]",810
1.000000,1.000000,1.000000,1.000000,0.000000,1.000000,1.000000,1.000000,0.000000,1.000000,0.000000,1.000000,1.000000,1.000000,0.000000,1.000000,0.000000,1.000000,1.000000,1.000000,82001,1,3477,7.812500,7.812500,"[7.812500]",819,5.000000,45.000000,"[45]",820
1.000000,1.000000,1.000000,1.000000,0.000000,1.000000,0.000000,1.000000,0.000000,1.000000,1.000000,1.000000,1.000000,1.000000,1.000000,1.000000,0.000000,1.000000,0.000000,1.000000,83001,1,3663,7.812500,7.812500,"[7.812500]",829,5.000000,45.000000,"[45]",830
1.000000,1.000000,0.000000,1.000000,0.000000,1.000000,0.000000,1.000000,1.000000,1.000000,1.000000,1.000000,0.000000,1.000000,1.000000,1.000000,1.000000,1.000000,0.000000,1.000000,84001,1,3483,7.812500,7.812500,"[7.812500]",839,5.000000,45.000000,"[45]",840
0.000000,1.000000,0.000000,1.000000,1.000000,1.000000,0.000000,1.000000,1.000000,1.000000,0.000000,1.000000,0.000000,1.000000,1.000000,1.000000,1.000000,1.000000,1.000000,1.000000,85001,1,3850,7.812500,7.812500,"[7.812500]",849,5.000000,45.000000,"[45]",850
1.000000,1.000000,1.000000,1.000000,0.000000,1.000000,0.000000,1.000000,1.000000,1.000000,0.000000,1.000000,1.000000,1.000000,0.000000,1.000000,1.000000,1.000000,0.000000,1.000000,86001,1,5149,7.812500,7.812500,"[7.812500]",859,5.000000,45.000000,"[45]",860
0.000000,1.000000,0.000000,1.000000,1.000000,1.000000,0.000000,1.000000,1.000000,1.000000,1.000000,1.000000,1.000000,1.000000,1.000000,1.000000,0.000000,1.000000,0.000000,1.000000,87001,1,4414,7.812500,7.812500,"[7.812500]",869,5.000000,45.000000,"[45]",870
1.000000,1.000000,1.000000,1.000000,1.000000,1.000000,0.000000,1.000000,0.000000,1.000000,0.000000,1.000000,1.000000,1.000000,1.000000,1.000000,0.000000,1.000000,0.000000,1.000000,88001,1,2055,7.812500,7.812500,"[7.812500]",879,5.000000,45.000000,"[45]",880
1.000000,1.000000,0.000000,0.500000,0.000000,0.000000,1.000000,0.750000,0.000000,1.000000,0.000000,1.000000,1.000000,1.000000,0.000000,1.000000,0.000000,0.500000,0.000000,1.000000,89001,1,3376,6.812500,6.812500,"[6.812500]",889,3.000000,35.000000,"[35]",890
0.000000,1.000000,0.000000,1.000000,1.000000,1.000000,0.000000,1.000000,1.000000,1.000000,1.000000,1.000000,1.000000,1.000000,1.000000,1.000000,0.000000,1.000000,0.000000,1.000000,90001,1,3195,7.812500,7.812500,"[7.812500]",899,5.000000,45.000000,"[45]",900
1.000000,1.000000,0.000000,1.000000,0.000000,1.000000,1.000000,1.000000,1.000000,1.000000,1.000000,1.000000,0.000000,1.000000,0.000000,1.000000,0.000000,1.000000,1.000000,1.000000,91001,1,2192,7.812500,7.812500,"[7.812500]",909,5.000000,45.000000,"[45]",910
1.000000,1.000000,0.000000,1.000000,1.000000,1.000000,0.000000,1.000000,0.000000,1.000000,0.000000,1.000000,1.000000,1.000000,0.000000,1.000000,1.000000,1.000000,0.000000,1.000000,92001,1,2786,8.812500,8.812500,"[8.812500]",919,4.000000,45.000000,"[45]",920
1.000000,1.000000,1.000000,1.000000,0.000000,0.000000,0.000000,1.000000,1.000000,1.000000,1.000000,1.000000,0.000000,1.000000,0.000000,1.000000,1.000000,0.750000,0.000000,1.000000,93001,1,3075,6.312500,6.312500,"[6.312500]",929,5.000000,39.000000,"[39]",930
1.000000,1.000000,1.000000,1.000000,1.000000,1.000000,0.000000,1.000000,0.000000,1.000000,0.000000,1.000000,1.000000,1.000000,0.000000,1.000000,1.000000,1.000000,0.000000,1.000000,94001,1,2417,7.812500,7.812500,"[7.812500]",939,5.000000,45.000000,"[45]",940
0.000000,1.000000,0.000000,1.000000,1.000000,1.000000,1.000000,1.000000,0.000000,1.000000,0.000000,0.000000,0.000000,1.000000,0.000000,1.000000,1.000000,1.000000,1.000000,1.000000,95001,1,2165,7.812500,7.812500,"[7.812500]",949,4.000000,41.000000,"[41]",950
0.000000,1.000000,1.000000,0.750000,0.000000,1.000000,0.000000,0.750000,0.000000,1.000000,0.000000,1.000000,1.000000,1.000000,1.000000,1.000000,1.000000,1.000000,0.000000,0.000000,96001,1,2304,6.875000,6.875000,"[6.875000]",959,4.000000,38.000000,"[38]",960
0.000000,1.000000,0.000000,1.000000,1.000000,1.000000,0.000000,1.000000,1.000000,1.000000,0.000000,1.000000,0.000000,1.000000,1.000000,1.000000,1.000000,1.000000,1.000000,1.000000,97001,1,3654,7.812500,7.812500,"[7.812500]",969,5.000000,45.000000,"[45]",970
0.000000,1.000000,1.000000,1.000000,0.000000,1.000000,1.000000,1.000000,0.000000,0.400000,1.000000,1.000000,0.000000,1.000000,1.000000,1.000000,0.000000,1.000000,1.000000,0.500000,98001,1,3729,6.750000,6.750000,"[6.750000]",979,5.000000,40.000000,"[40]",980
1.000000,1.000000,1.000000,1.000000,1.000000,1.000000,0.000000,1.000000,0.000000,1.000000,0.000000,0.600000,1.000000,1.000000,0.000000,1.000000,1.000000,1.000000,0.000000,1.000000,99001,1,2006,6.812500,6.812500,"[6.812500]",989,5.000000,43.000000,"[43]",990
0.000000,1.000000,0.000000,1.000000,1.000000,1.000000,1.000000,1.000000,0.000000,1.000000,1.000000,1.000000,1.000000,1.000000,1.000000,1.000000,0.000000,1.000000,0.000000,0.000000,100001,1,3047,6.250000,6.250000,"[6.250000]",999,5.000000,40.000000,"[40]",1000
1.000000,1.000000,1.000000,1.000000,0.000000,1.000000,0.000000,1.000000,0.000000,1.000000,0.000000,1.000000,1.000000,1.000000,1.000000,1.000000,1.000000,1.000000,0.000000,1.000000,101001,1,3047,7.812500,7.812500,"[7.812500]",1009,5.000000,45.000000,"[45]",1010
0.000000,1.000000,1.000000,1.000000,0.000000,1.000000,1.000000,1.000000,1.000000,1.000000,0.000000,1.000000,1.000000,1.000000,0.000000,1.000000,0.000000,1.000000,1.000000,1.000000,102001,1,3492,7.812500,7.812500,"[7.812500]",1019,5.000000,45.000000,"[45]",1020
0.000000,1.000000,1.000000,1.000000,1.000000,1.000000,0.000000,0.000000,1.000000,1.000000,0.000000,1.000000,1.000000,1.000000,0.000000,1.000000,0.000000,1.000000,1.000000,1.000000,103001,1,2160,6.250000,6.250000,"[6.250000]",1029,5.000000,40.000000,"[40]",1030
1.000000,1.000000,1.000000,1.000000,0.000000,0.000000,0.000000,0.000000,0.000000,1.000000,0.000000,1.000000,1.000000,1.000000,1.000000,1.000000,0.000000,0.000000,0.000000,1.000000,104001,1,2160,4.687500,4.687500,"[4.687500]",1039,4.000000,31.000000,"[31]",1040
1.000000,1.000000,0.000000,1.000000,1.000000,1.000000,0.000000,1.000000,0.000000,1.000000,1.000000,1.000000,1.000000,1.000000,1.000000,1.000000,0.000000,1.000000,0.000000,1.000000,105001,1,2356,7.812500,7.812500,"[7.812500]",1049,5.000000,45.000000,"[45]",1050
0.000000,1.000000,1.000000,0.500000,0.000000,1.000000,0.000000,1.000000,0.000000,1.000000,1.000000,0.750000,0.000000,1.000000,1.000000,1.000000,0.000000,1.000000,1.000000,1.000000,106001,1,2528,9.125000,9.125000,"[9.125000]",1059,4.000000,42.000000,"[42]",1060
0.000000,1.000000,0.000000,1.000000,0.000000,0.000000,0.000000,1.000000,0.000000,1.000000,1.000000,1.000000,0.000000,1.000000,0.000000,0.000000,1.000000,1.000000,1.000000,1.000000,107001,1,2615,7.812500,7.812500,"[7.812500]",1069,3.000000,37.000000,"[37]",1070
0.000000,1.000000,0.000000,1.000000,0.000000,1.000000,1.000000,1.000000,0.000000,1.000000,1.000000,1.000000,1.000000,1.000000,0.000000,1.000000,1.000000,1.000000,1.000000,1.000000,108001,1,1983,7.812500,7.812500,"[7.812500]",1079,5.000000,45.000000,"[45]",1080
0.000000,1.000000,0.000000,1.000000,0.000000,1.000000,1.000000,1.000000,0.000000,1.000000,1.000000,1.000000,0.000000,1.000000,1.000000,1.000000,1.000000,1.000000,1.000000,1.000000,109001,1,3240,7.812500,7.812500,"[7.812500]",1089,5.000000,45.000000,"[45]",1090
1.000000,1.000000,1.000000,1.000000,0.000000,1.000000,0.000000,0.000000,1.000000,1.000000,0.000000,1.000000,1.000000,1.000000,0.000000,1.000000,1.000000,1.000000,0.000000,1.000000,110001,1,1634,6.250000,6.250000,"[6.250000]",1099,5.000000,40.000000,"[40]",1100
0.000000,1.000000,1.000000,1.000000,1.000000,1.000000,1.000000,1.000000,1.000000,1.000000,0.000000,1.000000,0.000000,0.800000,0.000000,1.000000,0.000000,1.000000,1.000000,1.000000,111001,1,1983,7.250000,7.250000,"[7.250000]",1109,5.000000,44.000000,"[44]",1110
0.000000,1.000000,0.000000,1.000000,0.000000,0.000000,1.000000,1.000000,0.000000,1.000000,0.000000,1.000000,1.000000,1.000000,0.000000,1.000000,1.000000,1.000000,1.000000,1.000000,112001,1,1827,7.812500,7.812500,"[7.812500]",1119,4.000000,41.000000,"[41]",1120
1.000000,1.000000,0.000000,1.000000,1.000000,1.000000,1.000000,1.000000,0.000000,1.000000,0.000000,1.000000,0.000000,1.000000,0.000000,1.000000,1.000000,1.000000,1.000000,1.000000,113001,1,2307,7.812500,7.812500,"[7.812500]",1129,5.000000,45.000000,"[45]",1130
0.000000,1.000000,0.000000,1.000000,1.000000,1.000000,0.000000,1.000000,1.000000,1.000000,1.000000,1.000000,1.000000,1.000000,1.000000,1.000000,0.000000,1.000000,0.000000,1.000000,114001,1,1980,7.812500,7.812500,"[7.812500]",1139,5.000000,45.000000,"[45]",1140
1.000000,0.250000,0.000000,1.000000,0.000000,1.000000,1.000000,1.000000,1.000000,1.000000,0.000000,1.000000,1.000000,1.000000,1.000000,1.000000,0.000000,1.000000,0.000000,1.000000,115001,1,2441,8.375000,8.375000,"[8.375000]",1149,5.000000,42.000000,"[42]",1150
0.000000,1.000000,0.000000,1.000000,0.000000,0.000000,1.000000,1.000000,1.000000,1.000000,0.000000,1.000000,1.000000,1.000000,1.000000,1.000000,1.000000,1.000000,0.000000,1.000000,116001,1,1852,6.250000,6.250000,"[6.250000]",1159,5.000000,40.000000,"[40]",1160
1.000000,1.000000,1.000000,1.000000,1.000000,1.000000,1.000000,1.000000,0.000000,1.000000,0.000000,1.000000,1.000000,1.000000,0.000000,1.000000,0.000000,1.000000,0.000000,1.000000,117001,1,1707,7.812500,7.812500,"[7.812500]",1169,5.000000,45.000000,"[45]",1170
1.000000,1.000000,0.000000,1.000000,0.000000,0.000000,0.000000,0.000000,1.000000,1.000000,1.000000,1.000000,0.000000,1.000000,1.000000,1.000000,0.000000,0.000000,0.000000,1.000000,118001,1,1881,4.687500,4.687500,"[4.687500]",1179,4.000000,31.000000,"[31]",1180
0.000000,0.000000,0.000000,0.600000,0.000000,0.000000,0.000000,0.250000,0.000000,0.000000,0.000000,0.000000,0.000000,0.800000,0.000000,0.000000,0.000000,0.400000,0.000000,0.000000,119001,1,2032,1.875000,1.875000,"[1.875000]",1189,0.000000,10.000000,"[10]",1190
0.000000,1.000000,1.000000,1.000000,0.000000,0.800000,0.000000,1.000000,1.000000,1.000000,0.000000,1.000000,0.000000,1.000000,1.000000,1.000000,1.000000,1.000000,1.000000,0.500000,120001,1,1914,7.500000,7.500000,"[7.500000]",1199,5.000000,42.000000,"[42]",1200
1.000000,1.000000,1.000000,1.000000,0.000000,1.000000,1.000000,1.000000,0.000000,1.000000,1.000000,1.000000,0.000000,1.000000,1.000000,1.000000,0.000000,1.000000,0.000000,1.000000,121001,1,2653,7.812500,7.812500,"[7.812500]",1209,5.000000,45.000000,"[45]",1210
0.000000,1.000000,1.000000,1.000000,1.000000,1.000000,1.000000,1.000000,1.000000,1.000000,1.000000,1.000000,0.000000,1.000000,0.000000,1.000000,0.000000,1.000000,0.000000,1.000000,122001,1,3114,7.812500,7.812500,"[7.812500]",1219,5.000000,45.000000,"[45]",1220
0.000000,1.000000,0.000000,1.000000,0.000000,0.000000,0.000000,1.000000,1.000000,1.000000,0.000000,1.000000,1.000000,1.000000,1.000000,1.000000,1.000000,1.000000,0.000000,1.000000,123001,1,3700,7.812500,7.812500,"[7.812500]",1229,4.000000,41.000000,"[41]",1230
0.000000,1.000000,1.000000,1.000000,0.000000,1.000000,0.000000,1.000000,0.000000,1.000000,1.000000,1.000000,1.000000,1.000000,0.000000,1.000000,1.000000,1.000000,1.000000,1.000000,124001,1,2845,7.812500,7.812500,"[7.812500]",1239,5.000000,45.000000,"[45]",1240
0.000000,1.000000,0.000000,1.000000,0.000000,0.800000,0.000000,1.000000,1.000000,1.000000,1.000000,1.000000,1.000000,1.000000,0.000000,1.000000,1.000000,1.000000,1.000000,1.000000,125001,1,2845,7.250000,7.250000,"[7.250000]",1249,5.000000,44.000000,"[44]",1250
0.000000,1.000000,0.000000,1.000000,0.000000,1.000000,0.000000,1.000000,1.000000,1.000000,1.000000,1.000000,1.000000,1.000000,0.000000,1.000000,1.000000,1.000000,1.000000,1.000000,126001,1,1834,7.812500,7.812500,"[7.812500]",1259,5.000000,45.000000,"[45]",1260
0.000000,1.000000,0.000000,1.000000,0.000000,0.000000,0.000000,0.000000,1.000000,1.000000,0.000000,1.000000,0.000000,0.000000,1.000000,1.000000,0.000000,0.000000,1.000000,1.000000,127001,1,1834,4.687500,4.687500,"[4.687500]",1269,3.000000,27.000000,"[27]",1270
0.000000,1.000000,1.000000,1.000000,0.000000,1.000000,1.000000,1.000000,1.000000,1.000000,1.000000,1.000000,1.000000,1.000000,0.000000,1.000000,0.000000,1.000000,0.000000,1.000000,128001,1,1834,7.812500,7.812500,"[7.812500]",1279,5.000000,45.000000,"[45]",1280
0.000000,1.000000,0.000000,1.000000,0.000000,0.200000,0.000000,0.000000,0.000000,0.000000,0.000000,0.200000,0.000000,0.500000,0.000000,0.000000,0.000000,0.250000,0.000000,0.250000,129001,1,2153,3.625000,3.625000,"[3.625000]",1289,0.000000,16.000000,"[16]",1290
0.000000,1.000000,1.000000,1.000000,0.000000,1.000000,0.000000,1.000000,0.000000,1.000000,1.000000,1.000000,1.000000,1.000000,1.000000,1.000000,1.000000,1.000000,0.000000,1.000000,130001,1,2004,7.812500,7.812500,"[7.812500]",1299,5.000000,45.000000,"[45]",1300
0.000000,1.000000,0.000000,1.000000,0.000000,0.000000,0.000000,1.000000,0.000000,1.000000,0.000000,1.000000,0.000000,1.000000,1.000000,1.000000,1.000000,1.000000,0.000000,0.500000,131001,1,1821,9.062500,9.062500,"[9.062500]",1309,2.000000,39.000000,"[39]",1310
1.000000,0.750000,1.000000,1.000000,1.000000,0.750000,0.000000,1.000000,1.000000,1.000000,0.000000,1.000000,0.000000,1.000000,0.000000,1.000000,0.000000,1.000000,1.000000,1.000000,132001,1,1794,7.937500,7.937500,"[7.937500]",1319,5.000000,43.000000,"[43]",1320
1.000000,1.000000,0.000000,0.800000,0.000000,1.000000,0.000000,1.000000,1.000000,1.000000,0.000000,1.000000,1.000000,1.000000,1.000000,1.000000,1.000000,1.000000,0.000000,1.000000,133001,1,1915,7.250000,7.250000,"[7.250000]",1329,5.000000,44.000000,"[44]",1330
1.000000,1.000000,0.000000,1.000000,0.000000,1.000000,0.000000,1.000000,0.000000,1.000000,1.000000,1.000000,0.000000,1.000000,1.000000,1.000000,0.000000,0.000000,1.000000,1.000000,134001,1,1822,7.812500,7.812500,"[7.812500]",1339,4.000000,41.000000,"[41]",1340
0.000000,1.000000,1.000000,1.000000,0.000000,0.000000,0.000000,0.000000,1.000000,1.000000,0.000000,0.000000,0.000000,0.000000,0.000000,1.000000,0.000000,1.000000,0.000000,1.000000,135001,1,1946,6.250000,6.250000,"[6.250000]",1349,2.000000,28.000000,"[28]",1350
0.000000,0.750000,0.000000,0.800000,1.000000,1.000000,1.000000,1.000000,0.000000,1.000000,0.000000,1.000000,0.000000,1.000000,0.000000,1.000000,1.000000,1.000000,1.000000,1.000000,136001,1,2081,7.812500,7.812500,"[7.812500]",1359,4.000000,43.000000,"[43]",1360
0.000000,1.000000,0.000000,1.000000,1.000000,1.000000,1.000000,1.000000,1.000000,1.000000,1.000000,1.000000,1.000000,1.000000,0.000000,1.000000,0.000000,1.000000,0.000000,1.000000,137001,1,2336,7.812500,7.812500,"[7.812500]",1369,5.000000,45.000000,"[45]",1370
1.000000,1.000000,0.000000,1.000000,0.000000,0.000000,0.000000,0.000000,1.000000,1.000000,0.000000,1.000000,1.000000,1.000000,1.000000,1.000000,0.000000,1.000000,0.000000,1.000000,138001,1,2808,6.250000,6.250000,"[6.250000]",1379,4.000000,36.000000,"[36]",1380
1.000000,1.000000,0.000000,1.000000,0.000000,1.000000,1.000000,1.000000,0.000000,0.000000,1.000000,1.000000,1.000000,1.000000,1.000000,1.000000,0.000000,1.000000,0.000000,1.000000,139001,1,2336,6.250000,6.250000,"[6.250000]",1389,5.000000,40.000000,"[40]",1390
0.000000,0.000000,0.000000,0.000000,0.000000,0.000000,0.000000,0.000000,0.000000,0.000000,1.000000,1.000000,1.000000,1.000000,0.000000,0.000000,0.000000,1.000000,1.000000,1.000000,140001,1,2271,1.562500,1.562500,"[1.562500]",1399,3.000000,17.000000,"[17]",1400
0.000000,1.000000,0.000000,1.000000,1.000000,1.000000,1.000000,1.000000,0.000000,1.000000,0.000000,1.000000,1.000000,1.000000,1.000000,1.000000,0.000000,1.000000,1.000000,1.000000,141001,1,2134,7.812500,7.812500,"[7.812500]",1409,5.000000,45.000000,"[45]",1410
0.000000,0.000000,0.000000,0.000000,0.000000,1.000000,1.000000,1.000000,0.000000,1.000000,0.000000,1.000000,0.000000,1.000000,0.000000,0.000000,0.000000,1.000000,1.000000,1.000000,142001,1,1904,7.812500,7.812500,"[7.812500]",1419,2.000000,33.000000,"[33]",1420
0.000000,1.000000,0.000000,1.000000,0.000000,1.000000,1.000000,1.000000,0.000000,0.000000,0.000000,1.000000,0.000000,1.000000,1.000000,1.000000,1.000000,1.000000,1.000000,1.000000,143001,1,2798,7.812500,7.812500,"[7.812500]",1429,4.000000,41.000000,"[41]",1430
1.000000,1.000000,1.000000,1.000000,0.000000,1.000000,0.000000,1.000000,1.000000,1.000000,1.000000,1.000000,1.000000,1.000000,0.000000,1.000000,0.000000,1.000000,0.000000,1.000000,144001,1,1988,7.812500,7.812500,"[7.812500]",1439,5.000000,45.000000,"[45]",1440
1.000000,1.000000,0.000000,1.000000,1.000000,1.000000,1.000000,1.000000,0.000000,1.000000,1.000000,1.000000,1.000000,1.000000,0.000000,1.000000,0.000000,1.000000,0.000000,1.000000,145001,1,2521,7.812500,7.812500,"[7.812500]",1449,5.000000,45.000000,"[45]",1450
0.000000,1.000000,1.000000,1.000000,0.000000,1.000000,0.000000,1.000000,0.000000,1.000000,1.000000,1.000000,1.000000,1.000000,1.000000,1.000000,0.000000,1.000000,1.000000,1.000000,146001,1,3034,7.812500,7.812500,"[7.812500]",1459,5.000000,45.000000,"[45]",1460
1.000000,1.000000,0.000000,1.000000,0.000000,1.000000,1.000000,1.000000,0.000000,1.000000,0.000000,1.000000,1.000000,1.000000,0.000000,1.000000,0.000000,0.000000,1.000000,1.000000,147001,1,3802,7.812500,7.812500,"[7.812500]",1469,4.000000,41.000000,"[41]",1470
1.000000,1.000000,1.000000,1.000000,1.000000,1.000000,0.000000,0.000000,0.000000,0.000000,1.000000,1.000000,0.000000,1.000000,0.000000,1.000000,1.000000,1.000000,0.000000,1.000000,148001,1,2512,4.687500,4.687500,"[4.687500]",1479,5.000000,35.000000,"[35]",1480
1.000000,1.000000,0.000000,1.000000,1.000000,1.000000,0.000000,1.000000,1.000000,1.000000,0.000000,1.000000,1.000000,1.000000,0.000000,1.000000,1.000000,1.000000,0.000000,1.000000,149001,1,2492,7.812500,7.812500,"[7.812500]",1489,5.000000,45.000000,"[45]",1490
0.000000,1.000000,1.000000,1.000000,0.000000,1.000000,1.000000,1.000000,0.000000,0.000000,1.000000,1.000000,0.000000,1.000000,1.000000,1.000000,1.000000,1.000000,0.000000,1.000000,150001,1,1928,6.250000,6.250000,"[6.250000]",1499,5.000000,40.000000,"[40]",1500
0.000000,1.000000,1.000000,1.000000,0.000000,1.000000,0.000000,1.000000,1.000000,1.000000,1.000000,1.000000,1.000000,1.000000,1.000000,1.000000,0.000000,1.000000,0.000000,1.000000,151001,1,2104,7.812500,7.812500,"[7.812500]",1509,5.000000,45.000000,"[45]",1510
0.000000,1.000000,0.000000,1.000000,1.000000,1.000000,1.000000,1.000000,0.000000,1.000000,0.000000,1.000000,0.000000,0.000000,0.000000,0.000000,0.000000,0.000000,0.000000,1.000000,152001,1,3731,7.812500,7.812500,"[7.812500]",1519,2.000000,33.000000,"[33]",1520
1.000000,1.000000,0.000000,1.000000,1.000000,1.000000,1.000000,1.000000,0.000000,1.000000,0.000000,1.000000,0.000000,1.000000,0.000000,1.000000,1.000000,1.000000,1.000000,1.000000,153001,1,2298,7.812500,7.812500,"[7.812500]",1529,5.000000,45.000000,"[45]",1530
1.000000,1.000000,1.000000,1.000000,0.000000,0.800000,0.000000,0.800000,1.000000,0.250000,0.000000,1.000000,1.000000,1.000000,1.000000,1.000000,0.000000,1.000000,0.000000,1.000000,154001,1,3334,7.250000,7.250000,"[7.250000]",1539,5.000000,40.000000,"[40]",1540
0.000000,1.000000,0.000000,1.000000,1.000000,1.000000,1.000000,1.000000,0.000000,1.000000,0.000000,1.000000,1.000000,1.000000,1.000000,1.000000,1.000000,1.000000,0.000000,1.000000,155001,1,4609,7.812500,7.812500,"[7.812500]",1549,5.000000,45.000000,"[45]",1550
0.000000,1.000000,1.000000,1.000000,1.000000,1.000000,0.000000,1.000000,1.000000,1.000000,1.000000,1.000000,0.000000,1.000000,0.000000,1.000000,0.000000,0.000000,1.000000,1.000000,156001,1,2471,6.250000,6.250000,"[6.250000]",1559,5.000000,40.000000,"[40]",1560
0.000000,1.000000,1.000000,1.000000,0.000000,0.000000,1.000000,0.500000,1.000000,0.750000,0.000000,1.000000,1.000000,1.000000,0.000000,1.000000,1.000000,1.000000,0.000000,1.000000,157001,1,2735,6.562500,6.562500,"[6.562500]",1569,5.000000,37.000000,"[37]",1570
1.000000,1.000000,0.000000,1.000000,1.000000,1.000000,0.000000,1.000000,1.000000,1.000000,0.000000,1.000000,1.000000,1.000000,0.000000,1.000000,0.000000,0.000000,1.000000,1.000000,158001,1,2861,6.250000,6.250000,"[6.250000]",1579,5.000000,40.000000,"[40]",1580
1.000000,1.000000,1.000000,1.000000,0.000000,1.000000,0.000000,1.000000,0.000000,1.000000,1.000000,1.000000,0.000000,1.000000,1.000000,1.000000,0.000000,1.000000,1.000000,1.000000,159001,1,1969,7.812500,7.812500,"[7.812500]",1589,5.000000,45.000000,"[45]",1590
0.000000,1.000000,1.000000,1.000000,0.000000,1.000000,0.000000,1.000000,1.000000,1.000000,0.000000,1.000000,0.000000,1.000000,1.000000,1.000000,1.000000,1.000000,1.000000,1.000000,160001,1,3288,7.812500,7.812500,"[7.812500]",1599,5.000000,45.000000,"[45]",1600
0.000000,1.000000,0.000000,1.000000,0.000000,0.000000,1.000000,1.000000,1.000000,1.000000,0.000000,1.000000,1.000000,1.000000,0.000000,0.000000,1.000000,1.000000,0.000000,1.000000,161001,1,1969,6.250000,6.250000,"[6.250000]",1609,4.000000,36.000000,"[36]",1610
1.000000,1.000000,1.000000,1.000000,0.000000,0.600000,0.000000,1.000000,1.000000,1.000000,1.000000,1.000000,0.000000,1.000000,0.000000,1.000000,1.000000,1.000000,0.000000,1.000000,162001,1,2245,6.812500,6.812500,"[6.812500]",1619,5.000000,43.000000,"[43]",1620
0.000000,1.000000,0.000000,0.600000,1.000000,1.000000,0.000000,1.000000,0.000000,1.000000,0.000000,1.000000,1.000000,1.000000,1.000000,1.000000,1.000000,1.000000,1.000000,1.000000,163001,1,2060,6.812500,6.812500,"[6.812500]",1629,5.000000,43.000000,"[43]",1630
1.000000,1.000000,0.000000,1.000000,0.000000,1.000000,0.000000,1.000000,0.000000,1.000000,1.000000,1.000000,1.000000,1.000000,1.000000,1.000000,0.000000,1.000000,1.000000,1.000000,164001,1,1989,7.812500,7.812500,"[7.812500]",1639,5.000000,45.000000,"[45]",1640
0.000000,1.000000,1.000000,1.000000,1.000000,1.000000,1.000000,1.000000,1.000000,1.000000,1.000000,1.000000,0.000000,1.000000,0.000000,1.000000,0.000000,1.000000,0.000000,1.000000,165001,1,1869,7.812500,7.812500,"[7.812500]",1649,5.000000,45.000000,"[45]",1650
1.000000,1.000000,0.000000,0.800000,1.000000,1.000000,1.000000,1.000000,0.000000,1.000000,0.000000,1.000000,1.000000,1.000000,0.000000,1.000000,1.000000,1.000000,0.000000,1.000000,166001,1,2500,7.250000,7.250000,"[7.250000]",1659,5.000000,44.000000,"[44]",1660
1.000000,1.000000,0.000000,1.000000,0.000000,0.000000,0.000000,1.000000,0.000000,1.000000,1.000000,1.000000,0.000000,1.000000,0.000000,1.000000,1.000000,1.000000,1.000000,1.000000,167001,1,1952,7.812500,7.812500,"[7.812500]",1669,4.000000,41.000000,"[41]",1670
0.000000,1.000000,0.000000,1.000000,0.000000,1.000000,1.000000,1.000000,0.000000,1.000000,1.000000,1.000000,1.000000,1.000000,0.000000,1.000000,1.000000,1.000000,1.000000,1.000000,168001,1,2117,7.812500,7.812500,"[7.812500]",1679,5.000000,45.000000,"[45]",1680
0.000000,1.000000,0.000000,0.000000,0.000000,1.000000,0.000000,1.000000,0.000000,1.000000,1.000000,1.000000,0.000000,0.000000,1.000000,1.000000,1.000000,1.000000,1.000000,1.000000,169001,1,2059,6.250000,6.250000,"[6.250000]",1689,4.000000,36.000000,"[36]",1690
0.000000,1.000000,0.000000,0.000000,1.000000,1.000000,1.000000,1.000000,0.000000,0.000000,0.000000,1.000000,0.000000,1.000000,1.000000,1.000000,1.000000,1.000000,0.000000,1.000000,170001,1,1796,6.250000,6.250000,"[6.250000]",1699,4.000000,36.000000,"[36]",1700
0.000000,1.000000,1.000000,0.250000,0.000000,0.000000,1.000000,1.000000,0.000000,1.000000,0.000000,1.000000,1.000000,0.750000,0.000000,0.000000,0.000000,0.000000,0.000000,1.000000,171001,1,3232,6.875000,6.875000,"[6.875000]",1709,3.000000,28.000000,"[28]",1710
0.000000,1.000000,0.000000,0.000000,1.000000,1.000000,1.000000,1.000000,1.000000,1.000000,0.000000,0.000000,0.000000,1.000000,0.000000,1.000000,0.000000,1.000000,1.000000,1.000000,172001,1,3649,6.250000,6.250000,"[6.250000]",1719,4.000000,36.000000,"[36]",1720
0.000000,0.000000,0.000000,1.000000,1.000000,1.000000,0.000000,1.000000,0.000000,1.000000,1.000000,1.000000,1.000000,1.000000,1.000000,1.000000,1.000000,1.000000,0.000000,1.000000,173001,1,1922,6.250000,6.250000,"[6.250000]",1729,5.000000,40.000000,"[40]",1730
0.000000,1.000000,0.000000,1.000000,0.000000,1.000000,1.000000,1.000000,1.000000,1.000000,0.000000,1.000000,1.000000,1.000000,1.000000,1.000000,0.000000,1.000000,1.000000,1.000000,174001,1,3431,7.812500,7.812500,"[7.812500]",1739,5.000000,45.000000,"[45]",1740
0.000000,1.000000,0.000000,0.000000,0.000000,1.000000,1.000000,1.000000,0.000000,1.000000,1.000000,1.000000,0.000000,1.000000,1.000000,1.000000,0.000000,1.000000,1.000000,1.000000,175001,1,2006,7.812500,7.812500,"[7.812500]",1749,4.000000,41.000000,"[41]",1750
1.000000,1.000000,1.000000,1.000000,1.000000,1.000000,0.000000,1.000000,0.000000,1.000000,1.000000,1.000000,1.000000,1.000000,0.000000,1.000000,0.000000,1.000000,0.000000,1.000000,176001,1,3562,7.812500,7.812500,"[7.812500]",1759,5.000000,45.000000,"[45]",1760
0.000000,1.000000,1.000000,1.000000,1.000000,1.000000,0.000000,1.000000,1.000000,1.000000,0.000000,1.000000,1.000000,1.000000,0.000000,1.000000,1.000000,1.000000,0.000000,1.000000,177001,1,3431,7.812500,7.812500,"[7.812500]",1769,5.000000,45.000000,"[45]",1770
1.000000,0.750000,0.000000,1.000000,0.000000,0.800000,0.000000,0.800000,0.000000,1.000000,0.000000,1.000000,1.000000,1.000000,1.000000,1.000000,1.000000,1.000000,1.000000,0.750000,178001,1,3643,6.812500,6.812500,"[6.812500]",1779,5.000000,41.000000,"[41]",1780
1.000000,1.000000,0.000000,1.000000,1.000000,1.000000,0.000000,1.000000,0.000000,1.000000,0.000000,1.000000,0.000000,1.000000,1.000000,1.000000,1.000000,1.000000,1.000000,1.000000,179001,1,2688,7.812500,7.812500,"[7.812500]",1789,5.000000,45.000000,"[45]",1790
1.000000,1.000000,1.000000,1.000000,0.000000,1.000000,1.000000,1.000000,0.000000,1.000000,1.000000,1.000000,0.000000,1.000000,0.000000,1.000000,0.000000,1.000000,1.000000,1.000000,180001,1,3008,7.812500,7.812500,"[7.812500]",1799,5.000000,45.000000,"[45]",1800
1.000000,1.000000,0.000000,1.000000,0.000000,1.000000,1.000000,1.000000,0.000000,1.000000,1.000000,1.000000,0.000000,1.000000,0.000000,1.000000,0.000000,0.000000,1.000000,1.000000,181001,1,3217,7.250000,7.250000,"[7.250000]",1809,4.000000,40.000000,"[40]",1810
0.000000,0.000000,1.000000,1.000000,0.000000,1.000000,0.000000,1.000000,1.000000,1.000000,0.000000,1.000000,0.000000,1.000000,1.000000,1.000000,0.000000,1.000000,1.000000,1.000000,182001,1,2541,7.812500,7.812500,"[7.812500]",1819,4.000000,41.000000,"[41]",1820
0.000000,1.000000,0.000000,1.000000,1.000000,1.000000,0.000000,1.000000,1.000000,1.000000,1.000000,1.000000,1.000000,1.000000,0.000000,1.000000,1.000000,1.000000,0.000000,1.000000,183001,1,3144,7.812500,7.812500,"[7.812500]",1829,5.000000,45.000000,"[45]",1830
0.000000,1.000000,1.000000,1.000000,1.000000,1.000000,1.000000,1.000000,1.000000,1.000000,0.000000,1.000000,0.000000,1.000000,1.000000,1.000000,0.000000,1.000000,0.000000,1.000000,184001,1,3941,7.812500,7.812500,"[7.812500]",1839,5.000000,45.000000,"[45]",1840
1.000000,1.000000,0.000000,1.000000,0.000000,1.000000,1.000000,1.000000,1.000000,1.000000,1.000000,1.000000,0.000000,1.000000,1.000000,1.000000,0.000000,1.000000,0.000000,1.000000,185001,1,1898,7.812500,7.812500,"[7.812500]",1849,5.000000,45.000000,"[45]",1850
0.000000,1.000000,1.000000,1.000000,0.000000,1.000000,1.000000,1.000000,0.000000,1.000000,0.000000,1.000000,1.000000,1.000000,1.000000,1.000000,1.000000,1.000000,0.000000,1.000000,186001,1,3580,7.812500,7.812500,"[7.812500]",1859,5.000000,45.000000,"[45]",1860
1.000000,1.000000,0.000000,1.000000,0.000000,0.000000,0.000000,1.000000,1.000000,1.000000,1.000000,1.000000,0.000000,1.000000,1.000000,1.000000,0.000000,1.000000,1.000000,1.000000,187001,1,3423,6.250000,6.250000,"[6.250000]",1869,5.000000,40.000000,"[40]",1870
0.000000,1.000000,0.000000,1.000000,1.000000,1.000000,0.000000,1.000000,0.000000,1.000000,1.000000,1.000000,0.000000,1.000000,1.000000,1.000000,1.000000,1.000000,1.000000,1.000000,188001,1,4119,7.812500,7.812500,"[7.812500]",1879,5.000000,45.000000,"[45]",1880
0.000000,0.000000,1.000000,1.000000,1.000000,1.000000,0.000000,1.000000,0.000000,0.000000,1.000000,1.000000,0.000000,1.000000,0.000000,1.000000,1.000000,1.000000,0.000000,1.000000,189001,1,4194,6.250000,6.250000,"[6.250000]",1889,4.000000,36.000000,"[36]",1890
1.000000,1.000000,0.000000,1.000000,1.000000,1.000000,1.000000,1.000000,0.000000,0.000000,0.000000,1.000000,0.000000,1.000000,0.000000,1.000000,0.000000,1.000000,1.000000,1.000000,190001,1,3649,7.812500,7.812500,"[7.812500]",1899,4.000000,41.000000,"[41]",1900
0.000000,1.000000,0.000000,1.000000,1.000000,1.000000,1.000000,1.000000,1.000000,1.000000,0.000000,1.000000,1.000000,0.750000,0.000000,1.000000,0.000000,0.800000,1.000000,1.000000,191001,1,2341,7.312500,7.312500,"[7.312500]",1909,5.000000,43.000000,"[43]",1910
0.000000,0.400000,0.000000,0.000000,1.000000,1.000000,0.000000,1.000000,0.000000,1.000000,0.000000,1.000000,1.000000,1.000000,1.000000,1.000000,1.000000,1.000000,0.000000,1.000000,192001,1,4800,6.500000,6.500000,"[6.500000]",1919,4.000000,38.000000,"[38]",1920
0.000000,1.000000,1.000000,1.000000,0.000000,0.000000,0.000000,1.000000,0.000000,1.000000,0.000000,1.000000,1.000000,1.000000,0.000000,0.000000,1.000000,1.000000,1.000000,1.000000,193001,1,3229,6.250000,6.250000,"[6.250000]",1929,4.000000,36.000000,"[36]",1930
0.000000,0.000000,1.000000,1.000000,0.000000,1.000000,0.000000,1.000000,0.000000,1.000000,1.000000,1.000000,1.000000,1.000000,0.000000,1.000000,1.000000,1.000000,1.000000,1.000000,194001,1,2679,6.250000,6.250000,"[6.250000]",1939,5.000000,40.000000,"[40]",1940
0.000000,1.000000,0.000000,0.000000,1.000000,1.000000,0.000000,1.000000,1.000000,1.000000,0.000000,1.000000,1.000000,1.000000,1.000000,1.000000,1.000000,1.000000,0.000000,1.000000,195001,1,2679,6.250000,6.250000,"[6.250000]",1949,5.000000,40.000000,"[40]",1950
0.000000,0.250000,0.000000,1.000000,1.000000,1.000000,1.000000,1.000000,1.000000,1.000000,0.000000,1.000000,0.000000,1.000000,0.000000,1.000000,0.000000,1.000000,1.000000,1.000000,196001,1,2345,7.875000,7.875000,"[7.875000]",1959,4.000000,42.000000,"[42]",1960
0.000000,0.200000,1.000000,1.000000,1.000000,1.000000,0.000000,1.000000,0.000000,1.000000,1.000000,1.000000,1.000000,1.000000,1.000000,1.000000,0.000000,1.000000,0.000000,1.000000,197001,1,3362,6.312500,6.312500,"[6.312500]",1969,5.000000,41.000000,"[41]",1970
0.000000,1.000000,0.000000,1.000000,1.000000,1.000000,1.000000,1.000000,0.000000,1.000000,1.000000,1.000000,0.000000,1.000000,1.000000,1.000000,1.000000,1.000000,0.000000,1.000000,198001,1,2052,7.812500,7.812500,"[7.812500]",1979,5.000000,45.000000,"[45]",1980
1.000000,1.000000,0.000000,1.000000,0.000000,1.000000,0.000000,1.000000,1.000000,1.000000,1.000000,1.000000,0.000000,1.000000,0.000000,1.000000,1.000000,1.000000,1.000000,1.000000,199001,1,1645,7.812500,7.812500,"[7.812500]",1989,5.000000,45.000000,"[45]",1990
0.000000,1.000000,1.000000,1.000000,1.000000,1.000000,0.000000,1.000000,0.000000,1.000000,1.000000,1.000000,1.000000,1.000000,1.000000,1.000000,0.000000,1.000000,0.000000,1.000000,200001,1,2282,7.812500,7.812500,"[7.812500]",1999,5.000000,45.000000,"[45]",2000
0.000000,0.000000,0.000000,0.000000,1.000000,1.000000,0.000000,1.000000,1.000000,1.000000,1.000000,1.000000,0.000000,1.000000,1.000000,1.000000,0.000000,1.000000,0.000000,1.000000,201001,1,2052,6.250000,6.250000,"[6.250000]",2009,4.000000,36.000000,"[36]",2010
0.000000,0.800000,1.000000,0.750000,1.000000,1.000000,1.000000,0.000000,0.000000,1.000000,1.000000,1.000000,1.000000,1.000000,0.000000,1.000000,0.000000,1.000000,0.000000,1.000000,202001,1,1672,8.312500,8.312500,"[8.312500]",2019,5.000000,39.000000,"[39]",2020
1.000000,0.250000,0.000000,1.000000,0.000000,1.000000,0.000000,1.000000,0.000000,1.000000,1.000000,1.000000,1.000000,1.000000,1.000000,1.000000,0.000000,1.000000,1.000000,1.000000,203001,1,1928,8.375000,8.375000,"[8.375000]",2029,5.000000,42.000000,"[42]",2030
0.000000,0.800000,1.000000,1.000000,1.000000,1.000000,0.000000,1.000000,1.000000,1.000000,0.000000,1.000000,0.000000,1.000000,1.000000,1.000000,1.000000,1.000000,0.000000,1.000000,204001,1,1875,7.250000,7.250000,"[7.250000]",2039,5.000000,44.000000,"[44]",2040
1.000000,1.000000,1.000000,1.000000,0.000000,1.000000,1.000000,1.000000,0.000000,1.000000,0.000000,1.000000,1.000000,1.000000,1.000000,1.000000,0.000000,1.000000,0.000000,1.000000,205001,1,1928,7.812500,7.812500,"[7.812500]",2049,5.000000,45.000000,"[45]",2050
0.000000,1.000000,0.000000,1.000000,1.000000,1.000000,0.000000,1.000000,1.000000,1.000000,1.000000,1.000000,1.000000,1.000000,0.000000,1.000000,0.000000,1.000000,1.000000,1.000000,206001,1,2460,7.812500,7.812500,"[7.812500]",2059,5.000000,45.000000,"[45]",2060
0.000000,1.000000,1.000000,1.000000,0.000000,1.000000,0.000000,1.000000,1.000000,1.000000,1.000000,1.000000,1.000000,1.000000,1.000000,1.000000,0.000000,1.000000,0.000000,1.000000,207001,1,1928,7.812500,7.812500,"[7.812500]",2069,5.000000,45.000000,"[45]",2070
0.000000,0.000000,1.000000,1.000000,0.000000,1.000000,1.000000,1.000000,1.000000,1.000000,0.000000,1.000000,0.000000,1.000000,1.000000,1.000000,0.000000,1.000000,1.000000,1.000000,208001,1,2451,6.250000,6.250000,"[6.250000]",2079,5.000000,40.000000,"[40]",2080
0.000000,0.600000,0.000000,0.000000,0.000000,1.000000,1.000000,1.000000,0.000000,1.000000,1.000000,1.000000,0.000000,1.000000,1.000000,1.000000,0.000000,1.000000,1.000000,1.000000,209001,1,1896,6.812500,6.812500,"[6.812500]",2089,4.000000,39.000000,"[39]",2090
1.000000,1.000000,0.000000,1.000000,0.000000,1.000000,0.000000,1.000000,0.000000,0.000000,1.000000,1.000000,1.000000,1.000000,1.000000,1.000000,0.000000,1.000000,1.000000,1.000000,210001,1,1753,6.250000,6.250000,"[6.250000]",2099,5.000000,40.000000,"[40]",2100
0.000000,1.000000,0.000000,0.500000,1.000000,1.000000,0.000000,1.000000,0.000000,0.600000,1.000000,1.000000,1.000000,1.000000,0.000000,1.000000,1.000000,1.000000,0.000000,1.000000,211001,1,1753,7.062500,7.062500,"[7.062500]",2109,4.000000,41.000000,"[41]",2110
1.000000,1.000000,1.000000,1.000000,0.000000,1.000000,1.000000,1.000000,1.000000,1.000000,0.000000,1.000000,0.000000,1.000000,0.000000,1.000000,0.000000,1.000000,1.000000,1.000000,212001,1,2504,7.812500,7.812500,"[7.812500]",2119,5.000000,45.000000,"[45]",2120
1.000000,1.000000,0.000000,1.000000,1.000000,1.000000,0.000000,1.000000,0.000000,1.000000,1.000000,1.000000,1.000000,1.000000,0.000000,1.000000,1.000000,1.000000,0.000000,1.000000,213001,1,1864,7.812500,7.812500,"[7.812500]",2129,5.000000,45.000000,"[45]",2130
0.000000,1.000000,1.000000,1.000000,0.000000,1.000000,0.000000,1.000000,1.000000,1.000000,1.000000,1.000000,1.000000,1.000000,1.000000,1.000000,0.000000,1.000000,0.000000,1.000000,214001,1,2898,7.812500,7.812500,"[7.812500]",2139,5.000000,45.000000,"[45]",2140
0.000000,1.000000,1.000000,1.000000,0.000000,1.000000,1.000000,1.000000,1.000000,1.000000,0.000000,1.000000,0.000000,1.000000,0.000000,1.000000,1.000000,1.000000,1.000000,1.000000,215001,1,1873,7.812500,7.812500,"[7.812500]",2149,5.000000,45.000000,"[45]",2150
0.000000,1.000000,0.000000,1.000000,0.000000,1.000000,1.000000,1.000000,0.000000,0.000000,1.000000,1.000000,1.000000,1.000000,1.000000,1.000000,0.000000,1.000000,0.000000,1.000000,216001,1,2046,7.812500,7.812500,"[7.812500]",2159,4.000000,41.000000,"[41]",2160
0.000000,1.000000,1.000000,1.000000,0.000000,0.000000,0.000000,1.000000,0.000000,0.000000,1.000000,1.000000,1.000000,1.000000,0.000000,1.000000,0.000000,0.000000,1.000000,1.000000,217001,1,1864,4.687500,4.687500,"[4.687500]",2169,4.000000,31.000000,"[31]",2170
0.000000,0.000000,0.000000,1.000000,1.000000,1.000000,1.000000,1.000000,1.000000,1.000000,0.000000,1.000000,0.000000,1.000000,0.000000,1.000000,0.000000,1.000000,1.000000,1.000000,218001,1,2957,7.812500,7.812500,"[7.812500]",2179,4.000000,41.000000,"[41]",2180
1.000000,1.000000,0.000000,1.000000,0.000000,1.000000,0.000000,1.000000,0.000000,1.000000,1.000000,1.000000,1.000000,1.000000,0.000000,1.000000,1.000000,1.000000,1.000000,1.000000,219001,1,2366,7.812500,7.812500,"[7.812500]",2189,5.000000,45.000000,"[45]",2190
1.000000,1.000000,1.000000,1.000000,0.000000,1.000000,1.000000,1.000000,1.000000,1.000000,1.000000,1.000000,0.000000,1.000000,0.000000,1.000000,0.000000,1.000000,0.000000,1.000000,220001,1,2723,7.812500,7.812500,"[7.812500]",2199,5.000000,45.000000,"[45]",2200
0.000000,0.000000,0.000000,1.000000,0.000000,1.000000,1.000000,1.000000,1.000000,1.000000,0.000000,1.000000,0.000000,1.000000,0.000000,1.000000,1.000000,1.000000,1.000000,1.000000,221001,1,2138,7.812500,7.812500,"[7.812500]",2209,4.000000,41.000000,"[41]",2210
1.000000,1.000000,0.000000,0.000000,1.000000,1.000000,0.000000,1.000000,0.000000,0.000000,1.000000,1.000000,0.000000,0.000000,0.000000,0.000000,0.000000,0.000000,0.000000,1.000000,222001,1,1838,3.125000,3.125000,"[3.125000]",2219,3.000000,22.000000,"[22]",2220
1.000000,1.000000,1.000000,1.000000,1.000000,1.000000,0.000000,1.000000,0.000000,0.000000,1.000000,1.000000,0.000000,0.000000,0.000000,1.000000,0.000000,1.000000,1.000000,1.000000,223001,1,1642,4.687500,4.687500,"[4.687500]",2229,5.000000,35.000000,"[35]",2230
0.000000,1.000000,0.000000,1.000000,1.000000,1.000000,0.000000,1.000000,1.000000,1.000000,1.000000,1.000000,0.000000,1.000000,1.000000,1.000000,1.000000,1.000000,0.000000,1.000000,224001,1,2424,7.812500,7.812500,"[7.812500]",2239,5.000000,45.000000,"[45]",2240
0.000000,1.000000,1.000000,1.000000,0.000000,1.000000,1.000000,1.000000,0.000000,0.000000,0.000000,1.000000,1.000000,1.000000,0.000000,1.000000,1.000000,1.000000,1.000000,1.000000,225001,1,2408,6.250000,6.250000,"[6.250000]",2249,5.000000,40.000000,"[40]",2250
0.000000,0.000000,0.000000,0.000000,0.000000,0.000000,0.000000,0.600000,0.000000,0.000000,0.000000,0.000000,0.000000,0.200000,0.000000,0.000000,0.000000,0.000000,0.000000,0.600000,226001,1,2597,1.187500,1.187500,"[1.187500]",2259,0.000000,7.000000,"[7]",2260
1.000000,1.000000,1.000000,1.000000,1.000000,1.000000,0.000000,1.000000,0.000000,1.000000,0.000000,1.000000,0.000000,1.000000,0.000000,1.000000,1.000000,1.000000,1.000000,1.000000,227001,1,1991,7.812500,7.812500,"[7.812500]",2269,5.000000,45.000000,"[45]",2270
1.000000,1.000000,0.000000,1.000000,1.000000,1.000000,1.000000,1.000000,0.000000,1.000000,0.000000,1.000000,0.000000,1.000000,0.000000,1.000000,1.000000,1.000000,1.000000,1.000000,228001,1,2160,7.812500,7.812500,"[7.812500]",2279,5.000000,45.000000,"[45]",2280
1.000000,1.000000,1.000000,1.000000,1.000000,1.000000,0.000000,1.000000,1.000000,1.000000,0.000000,1.000000,1.000000,1.000000,0.000000,1.000000,0.000000,1.000000,0.000000,1.000000,229001,1,2160,7.812500,7.812500,"[7.812500]",2289,5.000000,45.000000,"[45]",2290
0.000000,1.000000,0.000000,1.000000,0.000000,1.000000,1.000000,1.000000,0.000000,1.000000,0.000000,1.000000,1.000000,1.000000,1.000000,1.000000,1.000000,1.000000,1.000000,1.000000,230001,1,2907,7.812500,7.812500,"[7.812500]",2299,5.000000,45.000000,"[45]",2300
1.000000,1.000000,0.000000,1.000000,1.000000,1.000000,0.000000,0.000000,1.000000,1.000000,0.000000,1.000000,0.000000,1.000000,0.000000,1.000000,1.000000,1.000000,0.000000,1.000000,231001,1,1938,7.812500,7.812500,"[7.812500]",2309,4.000000,41.000000,"[41]",2310
0.000000,0.000000,0.000000,1.000000,0.000000,1.000000,1.000000,1.000000,0.000000,1.000000,1.000000,1.000000,1.000000,1.000000,1.000000,1.000000,0.000000,1.000000,0.000000,1.000000,232001,1,1909,7.812500,7.812500,"[7.812500]",2319,4.000000,41.000000,"[41]",2320
0.000000,1.000000,0.000000,1.000000,1.000000,1.000000,1.000000,1.000000,1.000000,1.000000,0.000000,1.000000,0.000000,1.000000,0.000000,1.000000,1.000000,1.000000,1.000000,1.000000,233001,1,1946,7.812500,7.812500,"[7.812500]",2329,5.000000,45.000000,"[45]",2330
0.000000,1.000000,0.000000,1.000000,1.000000,1.000000,0.000000,1.000000,0.000000,0.000000,0.000000,0.000000,0.000000,1.000000,1.000000,1.000000,0.000000,0.000000,1.000000,1.000000,234001,1,2734,6.250000,6.250000,"[6.250000]",2339,3.000000,32.000000,"[32]",2340
1.000000,1.000000,0.000000,1.000000,1.000000,1.000000,0.000000,1.000000,0.000000,0.400000,0.000000,0.000000,0.000000,1.000000,0.000000,0.000000,0.000000,0.500000,1.000000,1.000000,235001,1,1946,5.187500,5.187500,"[5.187500]",2349,3.000000,31.000000,"[31]",2350
1.000000,1.000000,0.000000,1.000000,1.000000,1.000000,0.000000,1.000000,1.000000,1.000000,1.000000,1.000000,0.000000,1.000000,0.000000,1.000000,1.000000,1.000000,0.000000,1.000000,236001,1,2252,7.812500,7.812500,"[7.812500]",2359,5.000000,45.000000,"[45]",2360
0.000000,1.000000,0.000000,1.000000,1.000000,1.000000,0.000000,1.000000,1.000000,1.000000,1.000000,0.250000,0.000000,1.000000,1.000000,1.000000,0.000000,1.000000,1.000000,1.000000,237001,1,4673,8.375000,8.375000,"[8.375000]",2369,5.000000,42.000000,"[42]",2370
1.000000,1.000000,0.000000,1.000000,1.000000,1.000000,1.000000,1.000000,0.000000,1.000000,0.000000,0.500000,1.000000,1.000000,0.000000,1.000000,0.000000,1.000000,0.000000,1.000000,238001,1,2956,8.062500,8.062500,"[8.062500]",2379,4.000000,43.000000,"[43]",2380
1.000000,1.000000,0.000000,0.000000,0.000000,1.000000,1.000000,1.000000,0.000000,1.000000,0.000000,0.000000,0.000000,1.000000,1.000000,1.000000,0.000000,1.000000,0.000000,1.000000,239001,1,1983,7.812500,7.812500,"[7.812500]",2389,3.000000,37.000000,"[37]",2390
1.000000,1.000000,0.000000,1.000000,0.000000,1.000000,1.000000,1.000000,1.000000,1.000000,0.000000,1.000000,0.000000,1.000000,1.000000,1.000000,0.000000,1.000000,1.000000,1.000000,240001,1,1963,7.812500,7.812500,"[7.812500]",2399,5.000000,45.000000,"[45]",2400
0.000000,1.000000,0.000000,0.000000,0.000000,0.000000,1.000000,1.000000,1.000000,0.500000,0.000000,0.000000,1.000000,1.000000,0.000000,1.000000,0.000000,1.000000,0.000000,1.000000,241001,1,4803,6.500000,6.500000,"[6.500000]",2409,3.000000,30.000000,"[30]",2410
1.000000,1.000000,0.000000,0.000000,0.000000,1.000000,1.000000,1.000000,0.000000,0.000000,0.000000,0.000000,1.000000,1.000000,1.000000,1.000000,0.000000,0.000000,0.000000,1.000000,242001,1,3773,3.125000,3.125000,"[3.125000]",2419,4.000000,26.000000,"[26]",2420
0.000000,1.000000,1.000000,1.000000,1.000000,1.000000,1.000000,1.000000,0.000000,1.000000,0.000000,1.000000,0.000000,1.000000,0.000000,1.000000,1.000000,1.000000,1.000000,1.000000,243001,1,1963,7.812500,7.812500,"[7.812500]",2429,5.000000,45.000000,"[45]",2430
0.000000,1.000000,0.000000,1.000000,1.000000,1.000000,1.000000,1.000000,1.000000,1.000000,0.000000,1.000000,0.000000,1.000000,1.000000,1.000000,0.000000,1.000000,1.000000,1.000000,244001,1,4794,7.812500,7.812500,"[7.812500]",2439,5.000000,45.000000,"[45]",2440
1.000000,1.000000,1.000000,1.000000,1.000000,1.000000,1.000000,1.000000,0.000000,1.000000,0.000000,1.000000,0.000000,1.000000,0.000000,1.000000,1.000000,1.000000,0.000000,1.000000,245001,1,3728,7.812500,7.812500,"[7.812500]",2449,5.000000,45.000000,"[45]",2450
0.000000,1.000000,0.000000,1.000000,1.000000,1.000000,1.000000,1.000000,0.000000,1.000000,1.000000,1.000000,1.000000,1.000000,1.000000,1.000000,0.000000,1.000000,0.000000,1.000000,246001,1,3635,7.812500,7.812500,"[7.812500]",2459,5.000000,45.000000,"[45]",2460
1.000000,0.750000,0.000000,0.800000,1.000000,0.750000,0.000000,1.000000,0.000000,0.600000,0.000000,0.200000,1.000000,1.000000,1.000000,0.750000,0.000000,0.800000,1.000000,1.000000,247001,1,2759,4.375000,4.375000,"[4.375000]",2469,5.000000,34.000000,"[34]",2470
0.000000,0.000000,1.000000,1.000000,1.000000,1.000000,0.000000,1.000000,1.000000,1.000000,0.000000,1.000000,1.000000,1.000000,1.000000,1.000000,0.000000,1.000000,0.000000,1.000000,248001,1,4246,6.250000,6.250000,"[6.250000]",2479,5.000000,40.000000,"[40]",2480
0.000000,1.000000,1.000000,1.000000,0.000000,1.000000,1.000000,1.000000,0.000000,1.000000,0.000000,0.000000,1.000000,1.000000,1.000000,1.000000,1.000000,1.000000,0.000000,1.000000,249001,1,3918,6.250000,6.250000,"[6.250000]",2489,5.000000,40.000000,"[40]",2490
1.000000,1.000000,1.000000,1.000000,1.000000,1.000000,0.000000,1.000000,0.000000,1.000000,0.000000,1.000000,0.000000,1.000000,0.000000,1.000000,1.000000,1.000000,1.000000,1.000000,250001,1,5253,7.812500,7.812500,"[7.812500]",2499,5.000000,45.000000,"[45]",2500
0.000000,1.000000,1.000000,1.000000,0.000000,1.000000,1.000000,1.000000,0.000000,1.000000,1.000000,1.000000,1.000000,1.000000,1.000000,1.000000,0.000000,1.000000,0.000000,1.000000,251001,1,5491,7.812500,7.812500,"[7.812500]",2509,5.000000,45.000000,"[45]",2510
0.000000,1.000000,0.000000,1.000000,1.000000,1.000000,0.000000,1.000000,0.000000,0.000000,1.000000,1.000000,0.000000,1.000000,0.000000,1.000000,1.000000,1.000000,1.000000,1.000000,252001,1,2590,7.812500,7.812500,"[7.812500]",2519,4.000000,41.000000,"[41]",2520
0.000000,1.000000,0.000000,1.000000,0.000000,1.000000,0.000000,1.000000,1.000000,1.000000,1.000000,1.000000,1.000000,1.000000,0.000000,0.000000,0.000000,0.000000,1.000000,1.000000,253001,1,4535,6.250000,6.250000,"[6.250000]",2529,4.000000,36.000000,"[36]",2530
0.000000,1.000000,0.000000,0.000000,0.000000,1.000000,0.000000,1.000000,0.000000,0.000000,0.000000,0.000000,1.000000,1.000000,0.000000,0.000000,0.000000,0.000000,0.000000,1.000000,254001,1,3530,6.250000,6.250000,"[6.250000]",2539,1.000000,24.000000,"[24]",2540
0.000000,1.000000,1.000000,1.000000,0.000000,1.000000,0.000000,1.000000,1.000000,1.000000,0.000000,1.000000,1.000000,1.000000,1.000000,1.000000,1.000000,1.000000,0.000000,1.000000,255001,1,5180,7.812500,7.812500,"[7.812500]",2549,5.000000,45.000000,"[45]",2550
0.000000,0.000000,0.000000,1.000000,1.000000,1.000000,0.000000,1.000000,0.000000,1.000000,0.000000,1.000000,1.000000,1.000000,1.000000,1.000000,1.000000,1.000000,0.000000,0.000000,256001,1,6391,6.250000,6.250000,"[6.250000]",2559,4.000000,36.000000,"[36]",2560
0.000000,1.000000,1.000000,1.000000,1.000000,1.000000,0.000000,1.000000,1.000000,1.000000,1.000000,1.000000,0.000000,1.000000,0.000000,1.000000,0.000000,1.000000,1.000000,1.000000,257001,1,2699,7.812500,7.812500,"[7.812500]",2569,5.000000,45.000000,"[45]",2570
1.000000,1.000000,0.000000,1.000000,0.000000,1.000000,1.000000,1.000000,1.000000,1.000000,0.000000,1.000000,1.000000,1.000000,1.000000,1.000000,0.000000,1.000000,0.000000,1.000000,258001,1,4828,7.812500,7.812500,"[7.812500]",2579,5.000000,45.000000,"[45]",2580
0.000000,1.000000,0.000000,1.000000,1.000000,1.000000,1.000000,1.000000,0.000000,1.000000,0.000000,1.000000,0.000000,1.000000,1.000000,1.000000,1.000000,1.000000,1.000000,1.000000,259001,1,3937,7.812500,7.812500,"[7.812500]",2589,5.000000,45.000000,"[45]",2590
0.000000,1.000000,1.000000,1.000000,0.000000,1.000000,1.000000,1.000000,0.000000,1.000000,1.000000,1.000000,0.000000,0.000000,1.000000,1.000000,0.000000,1.000000,1.000000,1.000000,260001,1,2716,6.250000,6.250000,"[6.250000]",2599,5.000000,40.000000,"[40]",2600
1.000000,1.000000,1.000000,1.000000,0.000000,0.000000,1.000000,1.000000,1.000000,1.000000,1.000000,1.000000,0.000000,1.000000,0.000000,1.000000,0.000000,1.000000,0.000000,1.000000,261001,1,4492,6.250000,6.250000,"[6.250000]",2609,5.000000,40.000000,"[40]",2610
0.000000,1.000000,1.000000,1.000000,1.000000,1.000000,0.000000,1.000000,1.000000,1.000000,0.000000,1.000000,0.000000,1.000000,1.000000,1.000000,1.000000,1.000000,0.000000,1.000000,262001,1,8591,7.812500,7.812500,"[7.812500]",2619,5.000000,45.000000,"[45]",2620
0.000000,0.800000,0.000000,1.000000,1.000000,1.000000,1.000000,1.000000,0.000000,1.000000,1.000000,1.000000,1.000000,0.750000,0.000000,1.000000,0.000000,0.800000,1.000000,1.000000,263001,1,3598,6.750000,6.750000,"[6.750000]",2629,5.000000,42.000000,"[42]",2630
1.000000,1.000000,0.000000,1.000000,1.000000,1.000000,0.000000,1.000000,1.000000,1.000000,0.000000,0.000000,0.000000,1.000000,1.000000,1.000000,0.000000,1.000000,1.000000,1.000000,264001,1,6702,6.250000,6.250000,"[6.250000]",2639,5.000000,40.000000,"[40]",2640
0.000000,1.000000,0.000000,1.000000,1.000000,1.000000,0.000000,1.000000,1.000000,1.000000,1.000000,1.000000,1.000000,1.000000,1.000000,1.000000,0.000000,1.000000,0.000000,1.000000,265001,1,3366,7.812500,7.812500,"[7.812500]",2649,5.000000,45.000000,"[45]",2650
1.000000,1.000000,0.000000,1.000000,1.000000,1.000000,1.000000,1.000000,1.000000,1.000000,1.000000,1.000000,0.000000,1.000000,0.000000,1.000000,0.000000,1.000000,0.000000,1.000000,266001,1,4177,7.812500,7.812500,"[7.812500]",2659,5.000000,45.000000,"[45]",2660
1.000000,1.000000,0.000000,1.000000,0.000000,1.000000,1.000000,1.000000,1.000000,1.000000,1.000000,1.000000,0.000000,0.000000,0.000000,1.000000,0.000000,1.000000,0.000000,1.000000,267001,1,5183,7.812500,7.812500,"[7.812500]",2669,4.000000,41.000000,"[41]",2670
1.000000,1.000000,0.000000,1.000000,1.000000,1.000000,0.000000,1.000000,0.000000,1.000000,1.000000,1.000000,1.000000,1.000000,0.000000,1.000000,1.000000,1.000000,0.000000,1.000000,268001,1,3839,7.812500,7.812500,"[7.812500]",2679,5.000000,45.000000,"[45]",2680
1.000000,1.000000,1.000000,1.000000,0.000000,1.000000,0.000000,1.000000,1.000000,1.000000,0.000000,1.000000,0.000000,1.000000,1.000000,1.000000,0.000000,1.000000,1.000000,1.000000,269001,1,4580,7.812500,7.812500,"[7.812500]",2689,5.000000,45.000000,"[45]",2690
1.000000,1.000000,1.000000,1.000000,0.000000,1.000000,0.000000,1.000000,0.000000,1.000000,1.000000,1.000000,0.000000,1.000000,1.000000,1.000000,1.000000,1.000000,0.000000,1.000000,270001,1,4254,7.812500,7.812500,"[7.812500]",2699,5.000000,45.000000,"[45]",2700
0.000000,1.000000,1.000000,1.000000,1.000000,1.000000,1.000000,1.000000,0.000000,1.000000,0.000000,1.000000,1.000000,1.000000,1.000000,1.000000,0.000000,1.000000,0.000000,1.000000,271001,1,5507,7.812500,7.812500,"[7.812500]",2709,5.000000,45.000000,"[45]",2710
0.000000,1.000000,0.000000,1.000000,1.000000,1.000000,0.000000,1.000000,1.000000,1.000000,1.000000,1.000000,1.000000,1.000000,0.000000,1.000000,0.000000,1.000000,1.000000,1.000000,272001,1,3798,7.812500,7.812500,"[7.812500]",2719,5.000000,45.000000,"[45]",2720
