0-correct_AVE,0-incorrect_AVE,1-correct_AVE,1-incorrect_AVE,2-correct_AVE,2-incorrect_AVE,3-correct_AVE,3-incorrect_AVE,4-correct_AVE,4-incorrect_AVE,5-correct_AVE,5-incorrect_AVE,6-correct_AVE,6-incorrect_AVE,7-correct_AVE,7-incorrect_AVE,8-correct_AVE,8-incorrect_AVE,9-correct_AVE,9-incorrect_AVE,genomeLength_AVE,markovBrainDeterministicGates_AVE,markovBrainGates_AVE,markovBrainGates_VAR,optimizeValue_AVE,score_AVE,totalCorrect_AVE,totalIncorrect_AVE,update
0.420000,0.889900,0.468000,0.890800,0.458000,0.879900,0.460000,0.858400,0.420000,0.868200,0.416000,0.851200,0.454000,0.902600,0.398000,0.880900,0.488000,0.890800,0.494000,0.999000,5000.000000,95.636000,95.636000,4.111727,6.902125,6.902125,4.476000,40.066000,0
0.250000,0.513600,0.254000,0.507100,0.208000,0.445500,0.284000,0.510400,0.230000,0.468900,0.228000,0.451600,0.252000,0.466200,0.266000,0.509800,0.244000,0.471800,0.404000,0.822000,1827.258000,49.184000,49.184000,461.328802,4.001375,4.001375,2.620000,23.226000,10
0.308000,0.652700,0.318000,0.642100,0.282000,0.544000,0.300000,0.606900,0.358000,0.707400,0.306000,0.599500,0.244000,0.503800,0.328000,0.636300,0.382000,0.673100,0.454000,0.945100,1824.132000,66.298000,66.298000,828.049295,5.097750,5.097750,3.280000,29.304000,20
0.386000,0.821100,0.386000,0.791500,0.352000,0.662700,0.376000,0.732300,0.326000,0.695500,0.358000,0.726900,0.366000,0.680000,0.388000,0.768300,0.426000,0.803600,0.450000,0.967000,1820.474000,69.124000,69.124000,779.615856,6.022875,6.022875,3.814000,34.450000,30
0.384000,0.820000,0.410000,0.805100,0.402000,0.736700,0.362000,0.758100,0.328000,0.627500,0.366000,0.724200,0.408000,0.788000,0.396000,0.826600,0.400000,0.850400,0.498000,0.987600,1816.508000,78.884000,78.884000,918.527599,6.204250,6.204250,3.954000,35.660000,40
0.444000,0.835500,0.370000,0.820400,0.358000,0.730100,0.370000,0.686700,0.288000,0.589200,0.378000,0.736000,0.432000,0.869400,0.408000,0.805900,0.432000,0.900000,0.512000,0.990400,1828.192000,75.210000,75.210000,751.180261,6.242500,6.242500,3.992000,35.836000,50
0.426000,0.821800,0.416000,0.829200,0.320000,0.606600,0.338000,0.686200,0.290000,0.584000,0.346000,0.755200,0.432000,0.845800,0.396000,0.786400,0.496000,0.940400,0.424000,0.986700,1827.296000,73.030000,73.030000,893.331764,6.200625,6.200625,3.884000,35.334000,60
0.386000,0.797600,0.366000,0.777500,0.356000,0.715500,0.372000,0.768200,0.342000,0.663600,0.394000,0.734400,0.436000,0.902900,0.464000,0.860400,0.460000,0.959700,0.532000,0.994700,1822.474000,76.156000,76.156000,815.642950,6.339125,6.339125,4.108000,36.754000,70
0.422000,0.793900,0.372000,0.743700,0.390000,0.794100,0.330000,0.649400,0.398000,0.769900,0.350000,0.740600,0.420000,0.805300,0.442000,0.919000,0.452000,0.919500,0.468000,0.990000,1826.606000,82.122000,82.122000,940.095307,6.377625,6.377625,4.044000,36.578000,80
0.358000,0.715300,0.384000,0.809300,0.404000,0.854100,0.332000,0.691400,0.460000,0.861300,0.344000,0.753400,0.442000,0.819100,0.446000,0.900900,0.468000,0.926400,0.494000,0.990300,1816.778000,80.182000,80.182000,1320.822521,6.565625,6.565625,4.132000,37.486000,90
0.410000,0.748500,0.388000,0.862800,0.448000,0.860100,0.382000,0.757800,0.416000,0.884200,0.366000,0.729700,0.444000,0.820900,0.414000,0.821500,0.414000,0.870000,0.510000,0.997600,1820.320000,84.188000,84.188000,1472.088834,6.460375,6.460375,4.192000,37.542000,100
0.352000,0.706200,0.428000,0.886900,0.442000,0.879200,0.386000,0.798600,0.460000,0.892800,0.390000,0.784500,0.412000,0.802100,0.424000,0.876200,0.454000,0.928100,0.476000,0.976000,1823.350000,78.632000,78.632000,2166.301178,6.726250,6.726250,4.224000,38.416000,110
0.388000,0.798300,0.478000,0.912900,0.472000,0.877800,0.464000,0.892300,0.426000,0.938700,0.386000,0.820700,0.404000,0.824700,0.440000,0.829300,0.454000,0.928100,0.498000,0.980400,1816.208000,76.536000,76.536000,1864.786277,6.841500,6.841500,4.410000,39.596000,120
0.398000,0.842000,0.478000,0.956300,0.430000,0.877400,0.398000,0.813500,0.490000,0.958500,0.402000,0.798600,0.454000,0.895100,0.420000,0.836300,0.496000,0.972500,0.498000,0.988000,1826.908000,63.192000,63.192000,967.309756,6.998000,6.998000,4.464000,40.232000,130
0.456000,0.864500,0.488000,0.968200,0.432000,0.886400,0.448000,0.878600,0.432000,0.923200,0.388000,0.813600,0.444000,0.897300,0.430000,0.865900,0.502000,0.989200,0.504000,0.979500,1818.642000,64.524000,64.524000,859.472369,7.090500,7.090500,4.524000,40.800000,140
0.438000,0.874600,0.482000,0.960100,0.424000,0.880700,0.422000,0.819300,0.462000,0.900000,0.418000,0.780800,0.444000,0.893200,0.448000,0.857400,0.446000,0.970400,0.498000,0.973600,1816.942000,65.288000,65.288000,1171.463984,6.916750,6.916750,4.482000,40.068000,150
0.410000,0.829400,0.476000,0.960900,0.450000,0.909200,0.460000,0.868900,0.440000,0.913600,0.372000,0.789000,0.498000,0.911600,0.412000,0.890400,0.468000,0.964000,0.504000,0.982500,1827.962000,67.844000,67.844000,968.039743,7.064000,7.064000,4.490000,40.600000,160
0.400000,0.870100,0.442000,0.958100,0.422000,0.822900,0.446000,0.899300,0.462000,0.944000,0.416000,0.772300,0.464000,0.889300,0.428000,0.872000,0.492000,0.980800,0.516000,0.995000,1820.120000,65.804000,65.804000,941.047679,7.071500,7.071500,4.488000,40.540000,170
0.434000,0.859700,0.480000,0.962000,0.374000,0.827000,0.436000,0.865900,0.440000,0.931900,0.396000,0.827900,0.412000,0.822600,0.456000,0.905800,0.504000,0.912500,0.498000,0.989500,1816.052000,72.698000,72.698000,1329.253303,7.017625,7.017625,4.430000,40.106000,180
0.460000,0.872900,0.486000,0.982400,0.434000,0.878700,0.412000,0.877700,0.424000,0.954900,0.426000,0.822500,0.406000,0.753400,0.480000,0.924900,0.452000,0.895100,0.494000,0.990000,1811.384000,71.392000,71.392000,1173.088513,7.007250,7.007250,4.474000,40.296000,190
0.442000,0.828200,0.500000,0.989600,0.456000,0.910000,0.414000,0.856800,0.486000,0.963000,0.442000,0.860000,0.380000,0.777300,0.436000,0.902800,0.414000,0.868400,0.512000,0.986000,1817.826000,70.830000,70.830000,1161.083267,6.966125,6.966125,4.482000,40.234000,200
0.400000,0.808700,0.510000,0.983900,0.466000,0.946500,0.412000,0.833300,0.490000,0.968500,0.398000,0.819500,0.398000,0.796800,0.484000,0.920100,0.426000,0.858000,0.476000,0.983900,1829.056000,75.626000,75.626000,1058.434994,6.979125,6.979125,4.460000,40.138000,210
0.440000,0.840300,0.476000,0.982000,0.450000,0.963600,0.444000,0.854700,0.524000,0.953300,0.426000,0.800700,0.356000,0.769000,0.470000,0.920500,0.388000,0.844700,0.486000,0.988200,1820.042000,78.836000,78.836000,1241.668441,6.980500,6.980500,4.460000,40.128000,220
0.428000,0.818000,0.490000,0.969700,0.470000,0.973300,0.470000,0.909500,0.456000,0.900700,0.416000,0.814500,0.404000,0.793400,0.476000,0.941200,0.420000,0.844300,0.464000,0.990600,1823.672000,80.698000,80.698000,1379.790377,6.988250,6.988250,4.494000,40.292000,230
0.368000,0.741500,0.478000,0.964700,0.482000,0.949600,0.448000,0.874800,0.448000,0.914700,0.430000,0.852600,0.402000,0.775300,0.460000,0.901300,0.416000,0.837000,0.474000,0.996000,1820.896000,75.080000,75.080000,1238.430461,6.885000,6.885000,4.406000,39.636000,240
0.390000,0.760500,0.462000,0.935800,0.478000,0.928700,0.392000,0.784700,0.434000,0.897400,0.414000,0.770400,0.406000,0.823300,0.436000,0.911600,0.430000,0.874200,0.478000,0.973000,1831.166000,66.638000,66.638000,1148.383723,6.770250,6.770250,4.320000,38.972000,250
0.444000,0.865800,0.482000,0.927400,0.480000,0.958500,0.438000,0.865000,0.422000,0.858600,0.414000,0.801300,0.422000,0.850200,0.450000,0.911700,0.400000,0.861400,0.508000,0.984000,1828.142000,74.706000,74.706000,906.428421,6.913625,6.913625,4.460000,39.958000,260
0.432000,0.886200,0.436000,0.938000,0.470000,0.940300,0.460000,0.874200,0.444000,0.871500,0.374000,0.781900,0.478000,0.893800,0.412000,0.864000,0.456000,0.890400,0.484000,0.989000,1822.530000,76.502000,76.502000,1510.539074,7.011500,7.011500,4.446000,40.204000,270
0.466000,0.866500,0.446000,0.918700,0.436000,0.931700,0.410000,0.866500,0.444000,0.878700,0.380000,0.778200,0.440000,0.855000,0.438000,0.892800,0.452000,0.931500,0.502000,0.972800,1826.104000,75.006000,75.006000,1338.190345,7.018750,7.018750,4.414000,40.056000,280
0.456000,0.901300,0.460000,0.968000,0.488000,0.963700,0.480000,0.899900,0.434000,0.896300,0.434000,0.803000,0.422000,0.857900,0.450000,0.897100,0.466000,0.926300,0.500000,0.983200,1821.054000,72.978000,72.978000,982.077671,7.055250,7.055250,4.590000,40.896000,290
0.432000,0.881900,0.498000,0.936600,0.498000,0.956900,0.404000,0.840100,0.438000,0.880100,0.408000,0.803700,0.420000,0.866100,0.422000,0.899600,0.406000,0.848600,0.500000,0.968100,1825.190000,68.920000,68.920000,967.340281,6.982000,6.982000,4.426000,39.992000,300
0.464000,0.895000,0.464000,0.902400,0.484000,0.944300,0.432000,0.846200,0.388000,0.816300,0.406000,0.780900,0.458000,0.884000,0.422000,0.866300,0.410000,0.846200,0.476000,0.987000,1812.182000,69.180000,69.180000,1300.600802,6.815375,6.815375,4.404000,39.442000,310
0.462000,0.927900,0.442000,0.961500,0.502000,0.951800,0.438000,0.858300,0.418000,0.872800,0.454000,0.864900,0.474000,0.903800,0.416000,0.862600,0.472000,0.900500,0.506000,0.992600,1821.726000,88.422000,88.422000,1892.460838,7.072875,7.072875,4.584000,40.910000,320
0.472000,0.930900,0.494000,0.976700,0.414000,0.911800,0.438000,0.893900,0.412000,0.825600,0.428000,0.835800,0.428000,0.857600,0.470000,0.877800,0.440000,0.913600,0.498000,0.990000,1815.944000,94.964000,94.964000,2020.652008,7.056625,7.056625,4.494000,40.570000,330
0.438000,0.884600,0.472000,0.955200,0.474000,0.874400,0.444000,0.873200,0.404000,0.816500,0.354000,0.763000,0.382000,0.837300,0.434000,0.876400,0.482000,0.932900,0.528000,0.985500,1812.886000,90.730000,90.730000,1802.738577,6.847250,6.847250,4.412000,39.576000,340
0.384000,0.837600,0.502000,0.933000,0.430000,0.883400,0.478000,0.920400,0.406000,0.841900,0.434000,0.819000,0.420000,0.814000,0.466000,0.918200,0.438000,0.960900,0.520000,0.992000,1822.054000,85.662000,85.662000,1912.608974,6.942125,6.942125,4.478000,40.126000,350
0.416000,0.848600,0.468000,0.954300,0.498000,0.920400,0.428000,0.853900,0.354000,0.809400,0.400000,0.843900,0.494000,0.902900,0.480000,0.913600,0.466000,0.923200,0.530000,0.972000,1817.962000,83.926000,83.926000,2068.076677,6.894875,6.894875,4.534000,40.182000,360
0.414000,0.851100,0.432000,0.909300,0.460000,0.917800,0.402000,0.771400,0.388000,0.864100,0.360000,0.827300,0.490000,0.920100,0.472000,0.900900,0.502000,0.928400,0.490000,0.968200,1826.284000,84.946000,84.946000,2568.059202,6.944750,6.944750,4.410000,39.880000,370
0.418000,0.864100,0.458000,0.928400,0.478000,0.962600,0.394000,0.787700,0.420000,0.882700,0.450000,0.866500,0.454000,0.938000,0.434000,0.903800,0.464000,0.944800,0.530000,0.997000,1817.372000,97.618000,97.618000,2612.100277,7.138750,7.138750,4.500000,40.872000,380
0.480000,0.882500,0.438000,0.898900,0.492000,0.960000,0.402000,0.824500,0.354000,0.821100,0.466000,0.888900,0.492000,0.930700,0.394000,0.837800,0.462000,0.929400,0.496000,0.988000,1820.382000,89.818000,89.818000,2532.297471,6.996750,6.996750,4.476000,40.328000,390
0.400000,0.831000,0.424000,0.884200,0.478000,0.980300,0.434000,0.835500,0.398000,0.769000,0.466000,0.877800,0.446000,0.945900,0.402000,0.783500,0.492000,0.942900,0.484000,0.996600,1823.146000,86.962000,86.962000,2037.038633,6.899125,6.899125,4.424000,39.810000,400
0.432000,0.906500,0.424000,0.849800,0.516000,0.987600,0.380000,0.741800,0.394000,0.769200,0.466000,0.901500,0.476000,0.971700,0.360000,0.754600,0.486000,0.911000,0.494000,0.992500,1826.274000,75.118000,75.118000,1615.426930,6.819000,6.819000,4.428000,39.508000,410
0.466000,0.942100,0.442000,0.917900,0.530000,0.966400,0.398000,0.781800,0.380000,0.788500,0.428000,0.874300,0.450000,0.963700,0.390000,0.761200,0.488000,0.981400,0.504000,0.981800,1823.674000,63.944000,63.944000,1091.335535,7.015000,7.015000,4.476000,40.320000,420
0.450000,0.929600,0.494000,0.930000,0.482000,0.957500,0.396000,0.843200,0.478000,0.846500,0.430000,0.903900,0.474000,0.938300,0.350000,0.755100,0.510000,0.975900,0.458000,0.984600,1820.594000,72.002000,72.002000,1518.414826,7.091250,7.091250,4.522000,40.800000,430
0.510000,0.954000,0.460000,0.914000,0.484000,0.932800,0.442000,0.888900,0.448000,0.926200,0.448000,0.893200,0.492000,0.952500,0.418000,0.869500,0.502000,0.969300,0.456000,0.989600,1815.010000,77.046000,77.046000,1610.801487,7.234875,7.234875,4.660000,41.794000,440
0.440000,0.924800,0.480000,0.913600,0.494000,0.965800,0.466000,0.932400,0.462000,0.939100,0.452000,0.866500,0.466000,0.943500,0.448000,0.874900,0.468000,0.975400,0.456000,0.992500,1823.208000,80.298000,80.298000,1639.103403,7.325000,7.325000,4.632000,42.004000,450
0.440000,0.888000,0.470000,0.927700,0.518000,0.959500,0.494000,0.934800,0.438000,0.928600,0.418000,0.827900,0.484000,0.936800,0.382000,0.830300,0.494000,0.981800,0.474000,0.987000,1821.550000,79.558000,79.558000,1423.421479,7.166125,7.166125,4.612000,41.394000,460
0.450000,0.895600,0.464000,0.905400,0.450000,0.964700,0.460000,0.946000,0.488000,0.935300,0.396000,0.773700,0.466000,0.928800,0.430000,0.839100,0.474000,0.969200,0.494000,0.980000,1828.384000,80.894000,80.894000,1094.375515,7.115625,7.115625,4.572000,41.110000,470
0.398000,0.865100,0.424000,0.907500,0.482000,0.947400,0.448000,0.888400,0.506000,0.947500,0.442000,0.889800,0.506000,0.963500,0.428000,0.826600,0.464000,0.943300,0.482000,0.998000,1819.602000,78.156000,78.156000,1274.168000,7.183500,7.183500,4.580000,41.308000,480
0.466000,0.890400,0.474000,0.875800,0.506000,0.970000,0.436000,0.887700,0.476000,0.945100,0.440000,0.894500,0.512000,0.946100,0.422000,0.848300,0.420000,0.960000,0.430000,0.970000,1820.800000,74.438000,74.438000,1815.685527,7.198750,7.198750,4.582000,41.360000,490
0.438000,0.919900,0.426000,0.872400,0.460000,0.952000,0.466000,0.930600,0.470000,0.938100,0.424000,0.877200,0.478000,0.930700,0.462000,0.844800,0.484000,0.953900,0.472000,0.987900,1830.620000,69.988000,69.988000,1547.895647,7.229750,7.229750,4.580000,41.464000,500
0.436000,0.894200,0.442000,0.902300,0.464000,0.934800,0.458000,0.943700,0.442000,0.933000,0.452000,0.904000,0.498000,0.946100,0.446000,0.870800,0.484000,0.965200,0.492000,0.978400,1811.422000,70.076000,70.076000,1563.393010,7.281500,7.281500,4.614000,41.752000,510
0.478000,0.893400,0.418000,0.832400,0.420000,0.944100,0.494000,0.939100,0.442000,0.904500,0.430000,0.873800,0.480000,0.938300,0.420000,0.843800,0.470000,0.945700,0.506000,0.984000,1817.010000,68.792000,68.792000,1511.860457,7.077625,7.077625,4.558000,40.926000,520
0.436000,0.871400,0.418000,0.815000,0.502000,0.941800,0.440000,0.907500,0.428000,0.891200,0.444000,0.903600,0.458000,0.942400,0.438000,0.849900,0.494000,0.956100,0.490000,0.988800,1836.610000,72.764000,72.764000,2052.389082,7.065750,7.065750,4.548000,40.792000,530
0.400000,0.846500,0.456000,0.891200,0.466000,0.935500,0.488000,0.919800,0.386000,0.806400,0.400000,0.833900,0.482000,0.947100,0.444000,0.802600,0.466000,0.981500,0.500000,0.981600,1823.232000,71.194000,71.194000,2206.978321,6.957375,6.957375,4.488000,40.242000,540
0.450000,0.884200,0.458000,0.934500,0.446000,0.929900,0.436000,0.889400,0.438000,0.902700,0.388000,0.779300,0.480000,0.940900,0.442000,0.858900,0.496000,0.973800,0.496000,0.984300,1813.462000,83.486000,83.486000,2277.480766,7.127625,7.127625,4.530000,40.866000,550
0.464000,0.917300,0.478000,0.885700,0.492000,0.968100,0.418000,0.856100,0.444000,0.917900,0.368000,0.793300,0.470000,0.938200,0.386000,0.812700,0.474000,0.959800,0.508000,0.981400,1821.086000,91.976000,91.976000,2585.871166,7.077375,7.077375,4.502000,40.650000,560
0.458000,0.949300,0.460000,0.931900,0.478000,0.975100,0.422000,0.822900,0.438000,0.942300,0.374000,0.702700,0.474000,0.940500,0.388000,0.819100,0.494000,0.964500,0.490000,0.977600,1819.946000,102.068000,102.068000,3456.921218,7.105125,7.105125,4.476000,40.646000,570
0.514000,0.951800,0.460000,0.931600,0.462000,0.958000,0.426000,0.824900,0.454000,0.918800,0.340000,0.743100,0.474000,0.942400,0.392000,0.662600,0.452000,0.960000,0.492000,0.995600,1817.270000,103.906000,103.906000,4685.279723,6.911375,6.911375,4.466000,39.982000,580
0.420000,0.888700,0.512000,0.937700,0.484000,0.965800,0.390000,0.800800,0.456000,0.892800,0.390000,0.739500,0.416000,0.908300,0.280000,0.588500,0.482000,0.976400,0.514000,0.992000,1823.836000,92.908000,92.908000,3325.406349,6.775375,6.775375,4.344000,39.102000,590
0.510000,0.926200,0.446000,0.941700,0.520000,0.987600,0.406000,0.791900,0.478000,0.912200,0.274000,0.641200,0.476000,0.927000,0.272000,0.597300,0.456000,0.944800,0.500000,0.996000,1814.858000,107.144000,107.144000,3074.512289,6.761500,6.761500,4.338000,38.988000,600
0.432000,0.882400,0.476000,0.936400,0.496000,0.985600,0.420000,0.812400,0.456000,0.923600,0.346000,0.734500,0.482000,0.919800,0.332000,0.611900,0.472000,0.936400,0.448000,1.000000,1817.052000,110.280000,110.280000,2728.783166,6.860000,6.860000,4.360000,39.360000,610
0.450000,0.868900,0.454000,0.899900,0.430000,0.964900,0.396000,0.842200,0.506000,0.909500,0.396000,0.812000,0.472000,0.887000,0.378000,0.702700,0.508000,0.949300,0.432000,0.998400,1822.724000,103.784000,103.784000,2647.796938,6.901875,6.901875,4.422000,39.746000,620
0.456000,0.928300,0.442000,0.896100,0.488000,0.982200,0.354000,0.801100,0.472000,0.904600,0.382000,0.812000,0.454000,0.879400,0.358000,0.729800,0.504000,0.969900,0.538000,1.000000,1817.548000,109.738000,109.738000,2389.540437,6.960750,6.960750,4.448000,40.072000,630
0.514000,0.920700,0.390000,0.830700,0.514000,0.984000,0.402000,0.874100,0.446000,0.922100,0.410000,0.883100,0.470000,0.899200,0.344000,0.715700,0.488000,0.975300,0.516000,1.000000,1815.876000,105.818000,105.818000,1938.105086,7.041500,7.041500,4.494000,40.528000,640
0.438000,0.946400,0.404000,0.824600,0.486000,0.994000,0.500000,0.936700,0.466000,0.925500,0.456000,0.854800,0.444000,0.938800,0.388000,0.742800,0.476000,0.979100,0.476000,1.000000,1820.796000,106.128000,106.128000,1903.839295,7.190625,7.190625,4.534000,41.166000,650
0.472000,0.963000,0.394000,0.741800,0.478000,0.998000,0.426000,0.879400,0.464000,0.912400,0.496000,0.883600,0.508000,0.971100,0.328000,0.731900,0.482000,0.974800,0.460000,1.000000,1822.584000,107.842000,107.842000,2558.662361,7.118875,7.118875,4.508000,40.778000,660
0.494000,0.978400,0.344000,0.762500,0.476000,0.998000,0.426000,0.839800,0.458000,0.868900,0.466000,0.932400,0.512000,0.922700,0.364000,0.744600,0.496000,0.988500,0.480000,1.000000,1838.090000,115.342000,115.342000,2782.606248,7.065875,7.065875,4.516000,40.670000,670
0.448000,0.952100,0.378000,0.788700,0.500000,0.993000,0.416000,0.842500,0.444000,0.902300,0.426000,0.894300,0.468000,0.913100,0.444000,0.859500,0.512000,0.976500,0.512000,0.999600,1821.554000,113.386000,113.386000,2581.083170,7.153125,7.153125,4.548000,41.066000,680
0.448000,0.953600,0.430000,0.812900,0.494000,0.995000,0.388000,0.797600,0.396000,0.855700,0.404000,0.831300,0.476000,0.916900,0.480000,0.848000,0.490000,0.963900,0.504000,0.997600,1813.560000,100.798000,100.798000,2669.925046,6.979750,6.979750,4.510000,40.356000,690
0.484000,0.953100,0.382000,0.776400,0.476000,0.971200,0.384000,0.799300,0.460000,0.896700,0.402000,0.801400,0.478000,0.901900,0.402000,0.817800,0.480000,0.955600,0.512000,0.992400,1815.288000,93.154000,93.154000,2282.475234,6.893500,6.893500,4.460000,39.876000,700
0.500000,0.945800,0.412000,0.867200,0.498000,0.970300,0.394000,0.788500,0.454000,0.857700,0.454000,0.889200,0.442000,0.906700,0.406000,0.797800,0.464000,0.959100,0.496000,0.998000,1829.020000,95.648000,95.648000,2347.635367,6.952125,6.952125,4.520000,40.382000,710
0.466000,0.952500,0.458000,0.914200,0.454000,0.928400,0.308000,0.657000,0.414000,0.872000,0.428000,0.884200,0.478000,0.927400,0.386000,0.812200,0.482000,0.931600,0.520000,0.992800,1816.314000,84.496000,84.496000,2004.723431,6.989125,6.989125,4.394000,39.962000,720
0.464000,0.974300,0.444000,0.861700,0.494000,0.966400,0.364000,0.774100,0.458000,0.903200,0.428000,0.850200,0.458000,0.926200,0.420000,0.824600,0.452000,0.948800,0.518000,1.000000,1825.066000,91.084000,91.084000,2154.750445,7.065250,7.065250,4.500000,40.636000,730
0.486000,0.953700,0.438000,0.825800,0.468000,0.930600,0.422000,0.855900,0.476000,0.847100,0.428000,0.785500,0.426000,0.926300,0.402000,0.820700,0.436000,0.910300,0.476000,0.997600,1818.152000,90.286000,90.286000,2954.849904,6.857000,6.857000,4.458000,39.804000,740
0.470000,0.918900,0.380000,0.789100,0.498000,0.942800,0.428000,0.886100,0.466000,0.915100,0.436000,0.855600,0.490000,0.951000,0.348000,0.742600,0.430000,0.885300,0.490000,0.989900,1824.232000,78.808000,78.808000,2385.189515,6.931500,6.931500,4.436000,39.940000,750
0.404000,0.823100,0.418000,0.857600,0.438000,0.957900,0.434000,0.873700,0.452000,0.916600,0.468000,0.858300,0.456000,0.960000,0.432000,0.799600,0.420000,0.854100,0.500000,0.988500,1822.308000,81.918000,81.918000,2485.285848,7.002500,7.002500,4.422000,40.032000,760
0.462000,0.879700,0.452000,0.897300,0.472000,0.968300,0.464000,0.934200,0.490000,0.933700,0.402000,0.832200,0.518000,0.971200,0.392000,0.844900,0.420000,0.817000,0.450000,0.992400,1811.330000,100.774000,100.774000,3319.694313,7.098750,7.098750,4.522000,40.828000,770
0.372000,0.816100,0.452000,0.906500,0.482000,0.922300,0.434000,0.940400,0.482000,0.950200,0.484000,0.921500,0.500000,0.980000,0.436000,0.851600,0.432000,0.896300,0.506000,0.992400,1822.722000,95.438000,95.438000,2641.641439,7.198125,7.198125,4.580000,41.314000,780
0.454000,0.923200,0.454000,0.917800,0.496000,0.954500,0.450000,0.918400,0.488000,0.926000,0.436000,0.899300,0.466000,0.969100,0.438000,0.883500,0.452000,0.897200,0.474000,0.993500,1823.232000,112.398000,112.398000,3083.161920,7.309125,7.309125,4.608000,41.806000,790
0.410000,0.880300,0.470000,0.934800,0.508000,0.960900,0.440000,0.936100,0.488000,0.983000,0.396000,0.864500,0.440000,0.873300,0.460000,0.879500,0.456000,0.922800,0.520000,0.991500,1812.510000,116.190000,116.190000,2799.035972,7.229375,7.229375,4.588000,41.534000,800
0.432000,0.864200,0.470000,0.898500,0.520000,0.978100,0.448000,0.912400,0.482000,0.979500,0.430000,0.863400,0.398000,0.821000,0.442000,0.871700,0.468000,0.949800,0.478000,0.996000,1823.104000,107.842000,107.842000,2664.790617,7.127000,7.127000,4.568000,41.100000,810
0.416000,0.858100,0.462000,0.909600,0.452000,0.968700,0.478000,0.922800,0.538000,0.985500,0.444000,0.855600,0.438000,0.848600,0.462000,0.891100,0.482000,0.956600,0.438000,0.996500,1826.452000,109.876000,109.876000,2471.307238,7.154375,7.154375,4.610000,41.346000,820
0.420000,0.837700,0.480000,0.925900,0.496000,0.967600,0.464000,0.921600,0.478000,0.944500,0.420000,0.847900,0.418000,0.870900,0.434000,0.916200,0.486000,0.962000,0.520000,0.982800,1825.736000,112.916000,112.916000,3134.662269,7.138375,7.138375,4.616000,41.278000,830
0.426000,0.864700,0.474000,0.939900,0.478000,0.957200,0.494000,0.943600,0.452000,0.951600,0.490000,0.891400,0.416000,0.874700,0.404000,0.873600,0.454000,0.934100,0.516000,0.998000,1823.754000,116.538000,116.538000,1945.679916,7.224125,7.224125,4.604000,41.538000,840
0.388000,0.851800,0.480000,0.942200,0.468000,0.978800,0.454000,0.926500,0.510000,0.960400,0.428000,0.848000,0.408000,0.851200,0.426000,0.800700,0.500000,0.964000,0.484000,1.000000,1837.068000,120.338000,120.338000,2602.877511,7.170750,7.170750,4.546000,41.080000,850
0.456000,0.829800,0.516000,0.975500,0.466000,0.989000,0.480000,0.949100,0.482000,0.980900,0.424000,0.849500,0.408000,0.861200,0.432000,0.861900,0.484000,0.962000,0.496000,1.000000,1818.060000,130.532000,130.532000,2467.071118,7.213625,7.213625,4.644000,41.654000,860
0.396000,0.884100,0.460000,0.935600,0.468000,0.991100,0.494000,0.963900,0.536000,0.975500,0.422000,0.905000,0.416000,0.837400,0.448000,0.900900,0.476000,0.962500,0.544000,0.996000,1819.414000,131.192000,131.192000,3110.419976,7.330375,7.330375,4.660000,42.098000,870
0.432000,0.862500,0.474000,0.940000,0.482000,0.973500,0.476000,0.943600,0.512000,0.963900,0.452000,0.897500,0.408000,0.808600,0.450000,0.924000,0.468000,0.950600,0.500000,0.999200,1822.824000,138.144000,138.144000,3734.219703,7.191750,7.191750,4.654000,41.660000,880
0.390000,0.822400,0.460000,0.928100,0.484000,0.976000,0.460000,0.955400,0.488000,0.951300,0.442000,0.892500,0.418000,0.769000,0.434000,0.909700,0.520000,0.976100,0.520000,1.000000,1827.566000,125.398000,125.398000,3003.302200,7.139000,7.139000,4.616000,41.292000,890
0.432000,0.830600,0.470000,0.940400,0.502000,0.972300,0.504000,0.910800,0.446000,0.915600,0.430000,0.909300,0.406000,0.803800,0.394000,0.799300,0.484000,0.969700,0.474000,1.000000,1831.882000,123.764000,123.764000,2926.485275,7.045250,7.045250,4.542000,40.720000,900
0.430000,0.894000,0.468000,0.904100,0.514000,0.976900,0.484000,0.970800,0.490000,0.904100,0.446000,0.881000,0.366000,0.743100,0.368000,0.711500,0.436000,0.950600,0.456000,1.000000,1818.276000,120.290000,120.290000,2413.544990,7.002125,7.002125,4.458000,40.226000,910
0.450000,0.939600,0.416000,0.878800,0.444000,0.965300,0.460000,0.921200,0.468000,0.918000,0.430000,0.835500,0.348000,0.776900,0.366000,0.725600,0.508000,0.961700,0.542000,0.992400,1821.850000,117.656000,117.656000,3625.636938,7.005125,7.005125,4.432000,40.142000,920
0.480000,0.957700,0.454000,0.877900,0.488000,0.973200,0.464000,0.904500,0.434000,0.882100,0.460000,0.894800,0.384000,0.794700,0.422000,0.810900,0.496000,0.955300,0.488000,1.000000,1816.172000,115.348000,115.348000,3721.586068,6.998875,6.998875,4.570000,40.690000,930
0.460000,0.946900,0.476000,0.866100,0.490000,0.954400,0.406000,0.821400,0.406000,0.903400,0.432000,0.837300,0.428000,0.875900,0.392000,0.783900,0.464000,0.949500,0.484000,1.000000,1821.758000,122.342000,122.342000,4214.714465,7.038125,7.038125,4.438000,40.258000,940
0.480000,0.958300,0.394000,0.872800,0.482000,0.974700,0.416000,0.804200,0.430000,0.931900,0.436000,0.842000,0.408000,0.828100,0.406000,0.807300,0.506000,0.984400,0.518000,0.998000,1820.040000,110.626000,110.626000,3953.609343,7.072375,7.072375,4.476000,40.538000,950
0.438000,0.890900,0.378000,0.798900,0.500000,0.966300,0.416000,0.864500,0.490000,0.921800,0.472000,0.919600,0.474000,0.906100,0.382000,0.816100,0.458000,0.975000,0.508000,0.997000,1823.650000,111.196000,111.196000,3436.670926,7.080000,7.080000,4.516000,40.764000,960
0.432000,0.901800,0.410000,0.820100,0.478000,0.988500,0.456000,0.900100,0.460000,0.940800,0.420000,0.873400,0.438000,0.918500,0.464000,0.845700,0.504000,0.981800,0.500000,0.996000,1826.634000,111.430000,111.430000,2892.478056,7.205125,7.205125,4.562000,41.278000,970
0.460000,0.905900,0.396000,0.776500,0.510000,0.991900,0.460000,0.908600,0.478000,0.934700,0.476000,0.911200,0.460000,0.932100,0.406000,0.881200,0.458000,0.958900,0.494000,1.000000,1822.330000,104.902000,104.902000,1972.978353,7.189500,7.189500,4.598000,41.408000,980
0.430000,0.871500,0.364000,0.820400,0.492000,0.994000,0.496000,0.891900,0.468000,0.928500,0.488000,0.933900,0.454000,0.943000,0.438000,0.872600,0.488000,0.973500,0.500000,0.995000,1813.240000,109.190000,109.190000,2161.460822,7.207375,7.207375,4.618000,41.506000,990
0.428000,0.892700,0.446000,0.870300,0.504000,0.999500,0.464000,0.915300,0.448000,0.904000,0.494000,0.954700,0.464000,0.975000,0.396000,0.807300,0.496000,0.966000,0.490000,1.000000,1819.536000,109.118000,109.118000,1412.789655,7.273000,7.273000,4.630000,41.792000,1000
0.448000,0.913700,0.442000,0.843900,0.462000,0.979500,0.420000,0.837400,0.434000,0.909700,0.460000,0.962000,0.488000,0.951500,0.430000,0.858000,0.476000,0.947700,0.508000,0.998000,1825.948000,108.330000,108.330000,1756.113327,7.217375,7.217375,4.568000,41.430000,1010
0.478000,0.946400,0.466000,0.884900,0.476000,0.975400,0.386000,0.801000,0.472000,0.933000,0.442000,0.938400,0.508000,0.951500,0.420000,0.837000,0.454000,0.959800,0.504000,1.000000,1825.754000,114.990000,114.990000,1982.430762,7.226750,7.226750,4.606000,41.536000,1020
0.518000,0.983600,0.458000,0.928100,0.476000,0.980700,0.404000,0.749500,0.450000,0.891900,0.440000,0.888300,0.478000,0.956000,0.436000,0.916900,0.438000,0.918200,0.490000,1.000000,1816.776000,118.178000,118.178000,1705.276870,7.223875,7.223875,4.588000,41.474000,1030
0.492000,0.955800,0.426000,0.864400,0.464000,0.963600,0.428000,0.772000,0.422000,0.816300,0.452000,0.868600,0.454000,0.971600,0.456000,0.878600,0.460000,0.894600,0.472000,1.000000,1814.768000,112.538000,112.538000,1148.593743,6.970250,6.970250,4.526000,40.404000,1040
0.498000,0.949000,0.448000,0.905300,0.434000,0.975000,0.406000,0.829300,0.418000,0.854800,0.412000,0.847700,0.510000,0.952400,0.466000,0.920300,0.458000,0.898000,0.500000,1.000000,1823.568000,112.744000,112.744000,2108.751968,7.154875,7.154875,4.550000,41.106000,1050
0.458000,0.935400,0.388000,0.855900,0.540000,0.988500,0.472000,0.895300,0.424000,0.855900,0.442000,0.913700,0.444000,0.953900,0.456000,0.907300,0.424000,0.900900,0.500000,0.996000,1825.786000,107.720000,107.720000,1965.688978,7.274250,7.274250,4.548000,41.468000,1060
0.440000,0.914300,0.404000,0.794800,0.508000,0.983600,0.472000,0.895300,0.432000,0.879600,0.492000,0.923200,0.440000,0.909800,0.396000,0.909200,0.418000,0.838700,0.534000,0.992000,1833.550000,99.318000,99.318000,1962.774425,7.047500,7.047500,4.536000,40.668000,1070
0.486000,0.951300,0.420000,0.867900,0.520000,0.984500,0.460000,0.916400,0.414000,0.836900,0.446000,0.927800,0.380000,0.806900,0.486000,0.874500,0.398000,0.870000,0.518000,0.993700,1820.814000,105.456000,105.456000,1887.859784,7.042000,7.042000,4.528000,40.620000,1080
0.478000,0.958800,0.424000,0.838900,0.480000,0.978700,0.454000,0.895500,0.424000,0.860600,0.452000,0.908800,0.432000,0.852700,0.420000,0.873000,0.426000,0.869300,0.514000,1.000000,1821.880000,97.078000,97.078000,1437.502922,7.090250,7.090250,4.504000,40.680000,1090
0.464000,0.918800,0.456000,0.870800,0.466000,0.982300,0.480000,0.917800,0.412000,0.875000,0.444000,0.916500,0.438000,0.864600,0.408000,0.817200,0.448000,0.918300,0.500000,0.992800,1817.348000,97.862000,97.862000,1844.203363,7.131500,7.131500,4.516000,40.860000,1100
0.460000,0.922500,0.444000,0.866800,0.474000,0.988600,0.458000,0.907200,0.476000,0.878600,0.446000,0.912900,0.462000,0.905500,0.430000,0.855600,0.462000,0.857800,0.476000,0.996000,1818.294000,114.154000,114.154000,1968.086457,7.051125,7.051125,4.588000,40.882000,1110
0.516000,0.977000,0.468000,0.878700,0.492000,0.962500,0.452000,0.936000,0.444000,0.904900,0.408000,0.905700,0.422000,0.913100,0.418000,0.837800,0.454000,0.877700,0.516000,1.000000,1828.748000,115.334000,115.334000,2081.685816,7.209625,7.209625,4.590000,41.382000,1120
0.520000,0.970500,0.390000,0.902900,0.468000,0.938500,0.456000,0.945000,0.486000,0.942300,0.466000,0.881800,0.466000,0.948400,0.502000,0.904100,0.446000,0.905000,0.482000,1.000000,1824.520000,123.006000,123.006000,2051.348661,7.277000,7.277000,4.682000,42.016000,1130
0.436000,0.926300,0.408000,0.847000,0.484000,0.951100,0.480000,0.908300,0.458000,0.906100,0.438000,0.916000,0.472000,0.918500,0.446000,0.946100,0.446000,0.906900,0.504000,1.000000,1819.626000,122.410000,122.410000,2392.194289,7.272875,7.272875,4.572000,41.554000,1140
0.460000,0.884700,0.450000,0.872200,0.510000,0.962800,0.456000,0.899100,0.428000,0.916400,0.412000,0.898800,0.424000,0.882300,0.496000,0.928700,0.414000,0.868500,0.484000,1.000000,1814.622000,118.610000,118.610000,2112.927756,7.158625,7.158625,4.534000,41.030000,1150
0.410000,0.874800,0.462000,0.924500,0.452000,0.947300,0.412000,0.802700,0.442000,0.898700,0.448000,0.880400,0.428000,0.868800,0.514000,0.970500,0.462000,0.852900,0.490000,0.998000,1820.418000,120.700000,120.700000,2185.320641,7.038000,7.038000,4.520000,40.580000,1160
0.428000,0.854200,0.458000,0.907700,0.432000,0.933900,0.402000,0.848500,0.462000,0.863400,0.438000,0.852500,0.458000,0.918700,0.474000,0.933200,0.386000,0.760300,0.476000,1.000000,1829.058000,118.236000,118.236000,2076.240786,6.951625,6.951625,4.414000,39.934000,1170
0.436000,0.900600,0.452000,0.896400,0.484000,0.964200,0.472000,0.882200,0.472000,0.939900,0.462000,0.880900,0.460000,0.882200,0.486000,0.946700,0.362000,0.762000,0.462000,1.000000,1813.126000,117.750000,117.750000,1982.917335,7.033000,7.033000,4.548000,40.728000,1180
0.436000,0.850300,0.426000,0.882600,0.488000,0.953600,0.434000,0.886500,0.460000,0.927300,0.490000,0.901000,0.416000,0.861200,0.454000,0.940400,0.410000,0.770600,0.490000,1.000000,1823.588000,116.034000,116.034000,1469.632108,6.957250,6.957250,4.504000,40.352000,1190
0.456000,0.916700,0.398000,0.848400,0.476000,0.905100,0.456000,0.911200,0.450000,0.955000,0.430000,0.912800,0.500000,0.886200,0.478000,0.972800,0.476000,0.887600,0.482000,1.000000,1819.032000,116.530000,116.530000,1881.163427,7.163125,7.163125,4.602000,41.370000,1200
0.448000,0.917400,0.400000,0.822400,0.472000,0.939900,0.460000,0.853500,0.464000,0.889200,0.456000,0.883600,0.402000,0.868700,0.480000,0.978300,0.448000,0.921600,0.508000,1.000000,1819.384000,106.294000,106.294000,1864.785134,7.092125,7.092125,4.538000,40.842000,1210
0.510000,0.946100,0.368000,0.815900,0.464000,0.936200,0.492000,0.900900,0.436000,0.881500,0.432000,0.886900,0.452000,0.846700,0.508000,0.984400,0.468000,0.915300,0.470000,1.000000,1821.790000,105.006000,105.006000,1923.641246,7.074250,7.074250,4.600000,40.980000,1220
0.452000,0.882900,0.426000,0.837100,0.464000,0.927700,0.468000,0.937600,0.388000,0.841200,0.454000,0.895300,0.460000,0.872900,0.462000,0.934300,0.432000,0.922100,0.518000,0.998000,1816.404000,92.580000,92.580000,1345.658918,7.054750,7.054750,4.524000,40.716000,1230
0.450000,0.909000,0.492000,0.944500,0.456000,0.924500,0.484000,0.941400,0.448000,0.885100,0.424000,0.829800,0.466000,0.891300,0.436000,0.881300,0.478000,0.915300,0.466000,1.000000,1817.462000,95.082000,95.082000,1425.498273,7.049375,7.049375,4.600000,41.006000,1240
0.454000,0.891000,0.472000,0.910100,0.432000,0.922400,0.446000,0.927700,0.452000,0.853700,0.360000,0.729300,0.464000,0.903400,0.456000,0.911900,0.486000,0.910300,0.466000,0.999500,1825.820000,93.620000,93.620000,1823.117836,6.993250,6.993250,4.488000,40.312000,1250
0.442000,0.851400,0.464000,0.892800,0.452000,0.896500,0.452000,0.962000,0.446000,0.849800,0.418000,0.856200,0.434000,0.869500,0.428000,0.892200,0.456000,0.921700,0.496000,1.000000,1822.998000,95.568000,95.568000,1631.348072,7.032375,7.032375,4.488000,40.466000,1260
0.410000,0.815900,0.444000,0.937100,0.488000,0.932100,0.502000,0.964300,0.410000,0.794600,0.404000,0.815900,0.432000,0.885900,0.456000,0.859600,0.420000,0.934800,0.514000,0.997500,1820.850000,98.924000,98.924000,1888.631487,6.964250,6.964250,4.480000,40.212000,1270
0.394000,0.804600,0.480000,0.946000,0.440000,0.945000,0.490000,0.945600,0.414000,0.843900,0.350000,0.765600,0.454000,0.881000,0.416000,0.829100,0.470000,0.892500,0.488000,1.000000,1821.698000,109.172000,109.172000,2423.288994,6.968750,6.968750,4.396000,39.864000,1280
0.450000,0.839900,0.454000,0.907400,0.434000,0.940300,0.486000,0.960500,0.440000,0.844100,0.446000,0.816900,0.480000,0.917100,0.432000,0.906300,0.458000,0.913600,0.492000,1.000000,1822.612000,136.856000,136.856000,4776.684633,6.982250,6.982250,4.572000,40.656000,1290
0.384000,0.827100,0.478000,0.875800,0.480000,0.932500,0.422000,0.916600,0.434000,0.853400,0.436000,0.869400,0.470000,0.895000,0.476000,0.919300,0.428000,0.915400,0.498000,1.000000,1822.232000,141.712000,141.712000,4744.209475,7.015250,7.015250,4.506000,40.508000,1300
0.444000,0.862600,0.462000,0.902900,0.440000,0.914900,0.420000,0.874600,0.392000,0.848300,0.398000,0.820400,0.450000,0.881700,0.448000,0.917300,0.480000,0.945100,0.552000,1.000000,1827.184000,155.216000,155.216000,6541.251848,7.015500,7.015500,4.486000,40.356000,1310
0.460000,0.907900,0.386000,0.834100,0.502000,0.943800,0.466000,0.926900,0.464000,0.908700,0.400000,0.821000,0.410000,0.852600,0.526000,0.978100,0.476000,0.962100,0.510000,1.000000,1820.402000,152.272000,152.272000,4572.454926,7.088625,7.088625,4.600000,41.074000,1320
0.460000,0.918000,0.376000,0.753600,0.434000,0.957200,0.444000,0.921700,0.454000,0.894700,0.376000,0.771900,0.468000,0.895500,0.518000,0.990600,0.472000,0.979500,0.538000,0.999500,1824.980000,145.804000,145.804000,4967.316216,7.078000,7.078000,4.540000,40.856000,1330
0.480000,0.914400,0.352000,0.751600,0.466000,0.878500,0.396000,0.847000,0.442000,0.896100,0.440000,0.844200,0.436000,0.810100,0.474000,0.992000,0.470000,0.973500,0.518000,0.996500,1822.854000,144.680000,144.680000,5013.183968,6.920250,6.920250,4.474000,40.040000,1340
0.410000,0.903300,0.356000,0.704300,0.374000,0.785000,0.422000,0.893800,0.466000,0.929600,0.474000,0.937900,0.380000,0.783800,0.490000,0.990800,0.520000,0.988800,0.532000,0.998000,1826.124000,128.714000,128.714000,3012.581367,7.021625,7.021625,4.424000,40.154000,1350
0.364000,0.803300,0.260000,0.557600,0.384000,0.792400,0.498000,0.940700,0.524000,0.976900,0.448000,0.921300,0.400000,0.798900,0.448000,0.971800,0.552000,0.995200,0.518000,0.998400,1823.944000,125.476000,125.476000,3045.825074,6.799125,6.799125,4.396000,39.378000,1360
0.406000,0.852300,0.320000,0.629300,0.344000,0.738400,0.460000,0.934400,0.474000,0.986500,0.456000,0.906100,0.454000,0.844700,0.502000,0.977300,0.492000,0.999600,0.478000,0.999500,1829.780000,116.218000,116.218000,2110.363202,6.986625,6.986625,4.386000,39.946000,1370
0.422000,0.861500,0.380000,0.743800,0.340000,0.706600,0.512000,0.960500,0.512000,0.987300,0.412000,0.923000,0.392000,0.764200,0.486000,0.966900,0.500000,0.984800,0.516000,0.998000,1820.268000,113.058000,113.058000,2317.661960,6.934125,6.934125,4.472000,40.018000,1380
0.316000,0.704900,0.406000,0.809100,0.384000,0.801700,0.482000,0.937300,0.480000,0.968400,0.474000,0.945700,0.402000,0.805800,0.488000,0.962500,0.524000,0.982100,0.476000,1.000000,1828.508000,117.028000,117.028000,2670.868954,7.015500,7.015500,4.432000,40.160000,1390
0.342000,0.722000,0.392000,0.883800,0.456000,0.866800,0.476000,0.953200,0.492000,0.969400,0.510000,0.975800,0.400000,0.786600,0.454000,0.952600,0.516000,0.991800,0.508000,1.000000,1831.212000,134.914000,134.914000,3130.130866,7.120375,7.120375,4.546000,40.962000,1400
0.298000,0.569200,0.504000,0.948200,0.448000,0.897700,0.478000,0.959900,0.486000,0.988000,0.470000,0.952400,0.390000,0.782600,0.494000,0.977300,0.476000,0.980800,0.498000,1.000000,1821.024000,148.840000,148.840000,3443.168737,7.056750,7.056750,4.542000,40.740000,1410
0.352000,0.745900,0.468000,0.973900,0.478000,0.897600,0.504000,0.955400,0.450000,0.972400,0.492000,0.966000,0.390000,0.823400,0.472000,0.946800,0.474000,0.958500,0.488000,1.000000,1829.746000,140.434000,140.434000,2963.264172,7.282625,7.282625,4.568000,41.618000,1420
0.384000,0.797800,0.478000,0.939700,0.448000,0.895600,0.454000,0.964500,0.528000,0.981000,0.482000,0.975200,0.410000,0.733000,0.474000,0.968200,0.472000,0.982000,0.494000,1.000000,1814.238000,142.402000,142.402000,2416.477351,7.234875,7.234875,4.624000,41.574000,1430
0.434000,0.841800,0.440000,0.926500,0.492000,0.932000,0.450000,0.929100,0.498000,0.979000,0.458000,0.924700,0.436000,0.827600,0.464000,0.958400,0.486000,0.988000,0.488000,1.000000,1814.418000,129.412000,129.412000,2501.677611,7.289000,7.289000,4.646000,41.896000,1440
0.458000,0.842800,0.418000,0.865700,0.428000,0.887700,0.478000,0.938400,0.540000,0.985200,0.448000,0.866600,0.422000,0.899500,0.460000,0.968000,0.480000,0.982000,0.478000,0.997000,1815.846000,123.850000,123.850000,2502.985471,7.219500,7.219500,4.610000,41.556000,1450
0.394000,0.845200,0.376000,0.729800,0.456000,0.913900,0.408000,0.900800,0.502000,0.982500,0.430000,0.871700,0.454000,0.904400,0.482000,0.972000,0.522000,0.974900,0.506000,1.000000,1823.792000,130.330000,130.330000,3020.450000,7.133000,7.133000,4.530000,40.944000,1460
0.400000,0.859300,0.434000,0.857000,0.470000,0.936800,0.450000,0.884400,0.496000,0.957700,0.406000,0.889100,0.492000,0.950600,0.462000,0.936000,0.510000,0.988800,0.520000,0.998000,1828.596000,123.368000,123.368000,2301.487551,7.222125,7.222125,4.640000,41.654000,1470
0.436000,0.867000,0.416000,0.892500,0.498000,0.973600,0.446000,0.860000,0.482000,0.968000,0.424000,0.882300,0.498000,0.926300,0.484000,0.959800,0.500000,0.966700,0.478000,0.994000,1823.168000,117.084000,117.084000,1811.051046,7.221625,7.221625,4.662000,41.786000,1480
0.456000,0.842500,0.420000,0.856600,0.436000,0.915500,0.380000,0.754700,0.486000,0.915100,0.464000,0.891100,0.464000,0.946100,0.474000,0.962700,0.456000,0.941600,0.478000,0.996400,1823.638000,112.824000,112.824000,3129.407840,7.044750,7.044750,4.514000,40.600000,1490
0.386000,0.794300,0.466000,0.859800,0.452000,0.892500,0.364000,0.736800,0.454000,0.915700,0.422000,0.855500,0.468000,0.949700,0.506000,0.952800,0.470000,0.920500,0.466000,0.997600,1818.892000,109.966000,109.966000,2187.776397,6.894375,6.894375,4.454000,39.918000,1500
0.450000,0.875200,0.420000,0.780900,0.436000,0.924000,0.380000,0.736400,0.452000,0.898000,0.444000,0.856700,0.414000,0.921300,0.466000,0.962400,0.448000,0.939700,0.504000,0.996500,1827.946000,114.144000,114.144000,2075.810886,6.999625,6.999625,4.414000,40.042000,1510
0.440000,0.884300,0.432000,0.855300,0.466000,0.926500,0.402000,0.806800,0.466000,0.952800,0.444000,0.835300,0.430000,0.930300,0.442000,0.937400,0.536000,0.938500,0.502000,0.996000,1820.350000,111.892000,111.892000,2180.838012,7.045500,7.045500,4.560000,40.760000,1520
0.430000,0.861000,0.412000,0.873500,0.480000,0.903700,0.436000,0.879900,0.474000,0.905300,0.432000,0.928100,0.448000,0.917400,0.492000,0.978000,0.488000,0.986600,0.514000,1.000000,1830.222000,119.886000,119.886000,2294.994994,7.220000,7.220000,4.606000,41.556000,1530
0.436000,0.839000,0.400000,0.833900,0.488000,0.903300,0.416000,0.859500,0.434000,0.873400,0.396000,0.837400,0.460000,0.935600,0.496000,0.978000,0.480000,0.983500,0.498000,0.992900,1815.210000,104.482000,104.482000,2251.368413,7.063875,7.063875,4.504000,40.666000,1540
0.412000,0.802800,0.430000,0.870600,0.448000,0.919900,0.450000,0.889500,0.430000,0.858600,0.424000,0.823400,0.450000,0.889100,0.530000,0.979500,0.460000,0.979100,0.472000,0.994400,1825.850000,102.088000,102.088000,2348.958172,7.042500,7.042500,4.506000,40.528000,1550
0.410000,0.854800,0.392000,0.797700,0.486000,0.937100,0.448000,0.914100,0.368000,0.829500,0.424000,0.795600,0.452000,0.863400,0.490000,0.986000,0.498000,0.985200,0.530000,0.996100,1821.816000,98.720000,98.720000,2004.326253,6.981250,6.981250,4.498000,40.304000,1560
0.404000,0.811400,0.386000,0.782400,0.516000,0.966900,0.456000,0.887900,0.436000,0.827700,0.412000,0.860000,0.380000,0.827000,0.454000,0.955500,0.544000,0.976400,0.504000,0.992000,1818.128000,106.692000,106.692000,2262.417972,6.859875,6.859875,4.492000,39.938000,1570
0.450000,0.868800,0.298000,0.605700,0.476000,0.973800,0.460000,0.932400,0.362000,0.742200,0.370000,0.781200,0.488000,0.879200,0.488000,0.973500,0.478000,0.994700,0.534000,1.000000,1820.020000,107.500000,107.500000,1790.687375,6.807375,6.807375,4.404000,39.358000,1580
0.484000,0.919400,0.328000,0.685800,0.512000,0.982000,0.460000,0.947800,0.334000,0.715300,0.446000,0.868100,0.440000,0.876000,0.496000,0.954000,0.476000,0.980300,0.476000,0.990500,1814.156000,106.598000,106.598000,1861.551499,6.980375,6.980375,4.452000,40.142000,1590
0.454000,0.903000,0.396000,0.813900,0.486000,0.958500,0.428000,0.912800,0.392000,0.776200,0.352000,0.736300,0.452000,0.853500,0.496000,0.980000,0.508000,0.981300,0.512000,0.994700,1819.570000,113.552000,113.552000,2362.556409,6.933875,6.933875,4.476000,40.074000,1600
0.490000,0.894100,0.362000,0.674200,0.484000,0.969000,0.402000,0.844100,0.432000,0.855500,0.362000,0.752400,0.450000,0.925500,0.488000,0.988000,0.496000,0.958200,0.500000,0.990000,1823.936000,124.296000,124.296000,3488.545475,6.865000,6.865000,4.466000,39.792000,1610
0.416000,0.860500,0.410000,0.744100,0.472000,0.966400,0.458000,0.879800,0.420000,0.842600,0.378000,0.762900,0.452000,0.971500,0.460000,0.988000,0.460000,0.959100,0.568000,1.000000,1816.898000,120.384000,120.384000,2584.453451,7.001500,7.001500,4.494000,40.384000,1620
0.412000,0.807400,0.374000,0.765000,0.518000,0.977500,0.438000,0.855500,0.448000,0.884400,0.346000,0.692900,0.448000,0.943700,0.512000,0.989500,0.422000,0.947500,0.512000,1.000000,1819.298000,108.106000,108.106000,2623.185134,6.920875,6.920875,4.430000,39.886000,1630
0.436000,0.816600,0.338000,0.677500,0.482000,0.953500,0.342000,0.806100,0.450000,0.897700,0.414000,0.816900,0.416000,0.888100,0.502000,0.996000,0.470000,0.932500,0.548000,0.991600,1821.226000,104.854000,104.854000,2819.660004,6.838875,6.838875,4.398000,39.486000,1640
0.410000,0.823800,0.352000,0.673700,0.498000,0.957300,0.326000,0.742700,0.486000,0.927300,0.404000,0.809700,0.460000,0.885100,0.506000,0.979700,0.472000,0.915500,0.430000,0.987100,1819.992000,104.606000,104.606000,2899.193150,6.803625,6.803625,4.344000,39.162000,1650
0.438000,0.856000,0.394000,0.787400,0.464000,0.981500,0.430000,0.833600,0.498000,0.922000,0.434000,0.850500,0.480000,0.913400,0.444000,0.948600,0.418000,0.908100,0.494000,0.995600,1827.400000,114.362000,114.362000,3413.517992,7.032875,7.032875,4.494000,40.486000,1660
0.478000,0.897600,0.374000,0.824800,0.524000,0.990500,0.404000,0.814500,0.466000,0.929300,0.452000,0.866700,0.382000,0.790400,0.492000,0.955200,0.402000,0.801200,0.496000,0.996000,1825.678000,119.702000,119.702000,2334.987170,6.895875,6.895875,4.470000,39.870000,1670
0.472000,0.882600,0.388000,0.851700,0.502000,0.984000,0.370000,0.836800,0.398000,0.857600,0.422000,0.845500,0.462000,0.879600,0.444000,0.952400,0.444000,0.811400,0.502000,0.989600,1817.520000,118.250000,118.250000,2581.117735,7.016375,7.016375,4.404000,40.046000,1680
0.418000,0.904900,0.362000,0.744000,0.504000,0.993400,0.394000,0.793800,0.448000,0.886100,0.448000,0.904500,0.410000,0.880500,0.482000,0.972400,0.364000,0.742200,0.478000,0.994000,1827.144000,119.106000,119.106000,3022.431627,7.023625,7.023625,4.308000,39.754000,1690
0.468000,0.908800,0.380000,0.811400,0.500000,0.989500,0.422000,0.883400,0.446000,0.920100,0.446000,0.920600,0.472000,0.939500,0.492000,0.982000,0.382000,0.742200,0.506000,0.998000,1832.176000,113.142000,113.142000,2345.476790,7.160750,7.160750,4.514000,40.960000,1700
0.426000,0.886400,0.422000,0.812400,0.470000,0.962700,0.396000,0.814700,0.464000,0.871800,0.456000,0.913900,0.476000,0.968900,0.494000,0.972800,0.348000,0.662100,0.488000,1.000000,1817.842000,100.532000,100.532000,2344.602180,6.913625,6.913625,4.440000,39.890000,1710
0.452000,0.883900,0.406000,0.864100,0.468000,0.976200,0.446000,0.875200,0.434000,0.890700,0.398000,0.821700,0.420000,0.862200,0.498000,0.948000,0.356000,0.689100,0.532000,1.000000,1819.224000,93.098000,93.098000,2096.705808,6.872625,6.872625,4.410000,39.650000,1720
0.454000,0.866000,0.404000,0.812700,0.460000,0.961000,0.402000,0.828400,0.444000,0.891400,0.454000,0.833500,0.440000,0.905000,0.468000,0.946600,0.352000,0.741700,0.466000,0.996000,1818.512000,88.336000,88.336000,1946.560224,6.920250,6.920250,4.344000,39.560000,1730
0.450000,0.853800,0.408000,0.801000,0.472000,0.971200,0.400000,0.780400,0.458000,0.910400,0.410000,0.829900,0.460000,0.939500,0.466000,0.938000,0.378000,0.828400,0.486000,1.000000,1813.058000,91.926000,91.926000,1398.721968,6.965125,6.965125,4.388000,39.870000,1740
0.476000,0.846600,0.436000,0.863300,0.484000,0.965300,0.354000,0.733000,0.434000,0.878400,0.412000,0.798100,0.454000,0.953500,0.482000,0.968000,0.404000,0.870000,0.490000,0.995600,1821.174000,96.010000,96.010000,1775.993888,6.943250,6.943250,4.426000,39.936000,1750
0.452000,0.864900,0.360000,0.767700,0.494000,0.998000,0.388000,0.715900,0.380000,0.876500,0.406000,0.768900,0.474000,0.934500,0.488000,0.978000,0.426000,0.858600,0.494000,0.998000,1821.162000,93.332000,93.332000,1844.939655,6.863125,6.863125,4.362000,39.434000,1760
0.404000,0.852900,0.428000,0.841300,0.524000,0.989200,0.366000,0.781500,0.484000,0.956400,0.422000,0.892100,0.460000,0.937600,0.544000,0.977000,0.418000,0.834000,0.500000,0.995000,1821.282000,95.412000,95.412000,1985.332922,7.041250,7.041250,4.550000,40.740000,1770
0.418000,0.874000,0.396000,0.860100,0.502000,0.991700,0.424000,0.800700,0.476000,0.929700,0.434000,0.853800,0.454000,0.945400,0.484000,0.973900,0.400000,0.827600,0.508000,0.998000,1818.586000,100.648000,100.648000,2133.851800,7.113250,7.113250,4.496000,40.772000,1780
0.494000,0.976600,0.424000,0.846400,0.478000,0.984900,0.410000,0.778300,0.458000,0.949400,0.428000,0.868100,0.428000,0.902100,0.496000,0.970900,0.456000,0.854200,0.532000,0.992000,1825.052000,103.170000,103.170000,1902.101303,7.046375,7.046375,4.604000,41.006000,1790
0.482000,0.990500,0.448000,0.861000,0.498000,0.956300,0.372000,0.767500,0.486000,0.955200,0.422000,0.869000,0.420000,0.907200,0.422000,0.886600,0.460000,0.844200,0.512000,1.000000,1829.278000,97.378000,97.378000,1802.095307,7.065500,7.065500,4.522000,40.668000,1800
0.454000,0.963100,0.418000,0.871500,0.462000,0.947500,0.436000,0.843800,0.472000,0.975200,0.480000,0.934600,0.478000,0.895200,0.454000,0.877000,0.402000,0.847300,0.522000,0.993300,1824.434000,91.454000,91.454000,1438.845575,7.120125,7.120125,4.578000,41.154000,1810
0.482000,0.929800,0.402000,0.844200,0.546000,0.961900,0.486000,0.921200,0.476000,0.948700,0.466000,0.945100,0.432000,0.922500,0.466000,0.893400,0.414000,0.863800,0.454000,0.989600,1816.186000,85.956000,85.956000,1449.813691,7.180625,7.180625,4.624000,41.478000,1820
0.470000,0.944500,0.478000,0.879200,0.434000,0.950500,0.450000,0.914400,0.470000,0.960800,0.470000,0.951600,0.476000,0.916200,0.510000,0.963600,0.468000,0.891400,0.464000,0.998000,1822.140000,86.742000,86.742000,1615.017471,7.320625,7.320625,4.690000,42.170000,1830
0.444000,0.910200,0.444000,0.876100,0.474000,0.958900,0.478000,0.915500,0.502000,0.957400,0.492000,0.956700,0.440000,0.934900,0.450000,0.900800,0.448000,0.925500,0.518000,0.996000,1828.130000,83.622000,83.622000,1510.287691,7.244125,7.244125,4.690000,41.970000,1840
0.472000,0.938700,0.450000,0.873800,0.472000,0.981900,0.526000,0.935000,0.470000,0.963500,0.468000,0.968500,0.484000,0.927200,0.464000,0.892600,0.442000,0.944900,0.470000,0.994800,1831.750000,80.296000,80.296000,1253.415214,7.352500,7.352500,4.718000,42.388000,1850
0.490000,0.942100,0.424000,0.838900,0.462000,0.982000,0.452000,0.916800,0.476000,0.943100,0.504000,0.978800,0.438000,0.942500,0.454000,0.834300,0.458000,0.905500,0.490000,0.998000,1824.416000,86.720000,86.720000,1432.895391,7.226125,7.226125,4.648000,41.758000,1860
0.440000,0.931200,0.396000,0.859900,0.522000,0.983000,0.466000,0.906500,0.486000,0.933100,0.480000,0.957200,0.480000,0.984100,0.396000,0.802600,0.498000,0.923900,0.472000,0.995500,1823.938000,80.880000,80.880000,1228.202004,7.266625,7.266625,4.636000,41.754000,1870
0.442000,0.912900,0.480000,0.900100,0.534000,0.985100,0.478000,0.879100,0.468000,0.893000,0.418000,0.909700,0.474000,0.969400,0.432000,0.852500,0.424000,0.922800,0.488000,0.998000,1813.276000,77.196000,77.196000,1465.083752,7.191500,7.191500,4.638000,41.492000,1880
0.488000,0.931400,0.436000,0.842400,0.468000,0.998000,0.428000,0.872800,0.426000,0.907800,0.498000,0.919900,0.464000,0.960400,0.432000,0.841500,0.450000,0.927300,0.500000,1.000000,1813.756000,78.246000,78.246000,1349.853190,7.200875,7.200875,4.590000,41.414000,1890
0.466000,0.917100,0.412000,0.731300,0.454000,0.958000,0.422000,0.840200,0.446000,0.892200,0.450000,0.900500,0.480000,0.979500,0.410000,0.852900,0.456000,0.897500,0.454000,1.000000,1818.920000,81.308000,81.308000,1474.013162,7.080625,7.080625,4.450000,40.402000,1900
0.476000,0.822900,0.296000,0.713200,0.446000,0.982200,0.444000,0.894100,0.454000,0.913300,0.514000,0.956600,0.472000,0.955700,0.450000,0.872900,0.436000,0.878400,0.522000,1.000000,1822.522000,80.636000,80.636000,1273.033571,7.003750,7.003750,4.510000,40.440000,1910
0.462000,0.882500,0.400000,0.789200,0.470000,0.978800,0.400000,0.853100,0.434000,0.859900,0.510000,0.943400,0.498000,0.984700,0.420000,0.914800,0.454000,0.862700,0.482000,0.998300,1826.600000,80.892000,80.892000,1412.701739,7.078375,7.078375,4.530000,40.806000,1920
0.476000,0.908500,0.426000,0.825100,0.474000,0.948300,0.458000,0.876100,0.380000,0.840100,0.466000,0.927200,0.510000,0.953100,0.398000,0.892100,0.410000,0.869300,0.536000,1.000000,1815.726000,84.138000,84.138000,1926.307571,7.058250,7.058250,4.534000,40.676000,1930
0.404000,0.833100,0.432000,0.840700,0.514000,0.992000,0.460000,0.869400,0.416000,0.873800,0.440000,0.869800,0.488000,0.986600,0.448000,0.878100,0.434000,0.894100,0.484000,0.994000,1819.628000,91.200000,91.200000,2029.054108,7.051500,7.051500,4.520000,40.636000,1940
0.380000,0.755900,0.416000,0.857700,0.456000,0.958900,0.444000,0.894400,0.426000,0.816700,0.432000,0.847200,0.486000,0.985000,0.482000,0.917900,0.440000,0.876400,0.464000,0.992000,1824.244000,85.152000,85.152000,2038.040978,7.020750,7.020750,4.426000,40.088000,1950
0.456000,0.883500,0.482000,0.913000,0.480000,0.968900,0.444000,0.834100,0.412000,0.871900,0.456000,0.889900,0.466000,0.953100,0.444000,0.913900,0.410000,0.841100,0.488000,1.000000,1815.376000,97.058000,97.058000,2361.148934,7.075000,7.075000,4.538000,40.808000,1960
0.512000,0.927500,0.426000,0.887900,0.488000,0.982000,0.430000,0.843500,0.472000,0.914000,0.446000,0.943700,0.446000,0.884300,0.444000,0.869200,0.396000,0.822000,0.470000,0.993200,1825.368000,102.900000,102.900000,2468.466934,7.093625,7.093625,4.530000,40.810000,1970
0.490000,0.950900,0.462000,0.912200,0.474000,0.991200,0.396000,0.806800,0.428000,0.892500,0.482000,0.967500,0.420000,0.850200,0.458000,0.916500,0.416000,0.847600,0.534000,1.000000,1825.412000,104.628000,104.628000,2145.693002,7.158125,7.158125,4.560000,41.130000,1980
0.474000,0.962700,0.446000,0.879300,0.496000,0.988000,0.428000,0.875100,0.436000,0.898900,0.506000,0.991100,0.444000,0.849600,0.438000,0.917500,0.432000,0.883400,0.498000,1.000000,1816.194000,108.426000,108.426000,2162.914353,7.259000,7.259000,4.598000,41.624000,1990
0.476000,0.934800,0.400000,0.858700,0.494000,0.977600,0.460000,0.862500,0.482000,0.909800,0.462000,0.974000,0.446000,0.839200,0.428000,0.874900,0.442000,0.885600,0.478000,0.998000,1818.778000,103.222000,103.222000,1637.816349,7.099625,7.099625,4.568000,41.006000,2000
0.502000,0.940700,0.382000,0.775800,0.530000,0.943500,0.462000,0.883800,0.464000,0.915900,0.444000,0.993200,0.378000,0.842000,0.374000,0.813900,0.434000,0.844800,0.514000,1.000000,1816.814000,99.036000,99.036000,1732.611928,6.990000,6.990000,4.484000,40.288000,2010
0.498000,0.960000,0.450000,0.847100,0.480000,0.956300,0.430000,0.872800,0.474000,0.960600,0.456000,0.984400,0.504000,0.930100,0.390000,0.794200,0.386000,0.856300,0.524000,1.000000,1819.958000,100.658000,100.658000,1677.808653,7.156875,7.156875,4.592000,41.226000,2020
0.482000,0.968000,0.394000,0.846500,0.462000,0.933500,0.456000,0.914000,0.476000,0.984000,0.454000,0.982600,0.500000,0.930600,0.390000,0.766200,0.422000,0.836500,0.518000,1.000000,1827.644000,100.810000,100.810000,1931.565030,7.212125,7.212125,4.554000,41.262000,2030
0.446000,0.953600,0.406000,0.800500,0.478000,0.970800,0.458000,0.924800,0.542000,0.964700,0.444000,0.958400,0.460000,0.959400,0.430000,0.782100,0.412000,0.810200,0.492000,1.000000,1829.726000,95.802000,95.802000,1431.000798,7.124375,7.124375,4.568000,41.058000,2040
0.478000,0.949700,0.394000,0.814600,0.492000,0.965000,0.464000,0.921100,0.454000,0.924200,0.434000,0.953600,0.454000,0.905700,0.398000,0.752700,0.422000,0.849900,0.484000,0.999000,1816.328000,96.716000,96.716000,1776.023391,7.142000,7.142000,4.474000,40.696000,2050
0.468000,0.936400,0.404000,0.830100,0.528000,0.967500,0.430000,0.857700,0.448000,0.897300,0.452000,0.930400,0.470000,0.895600,0.392000,0.785300,0.404000,0.781200,0.464000,1.000000,1818.736000,101.222000,101.222000,2288.201118,6.924750,6.924750,4.460000,39.956000,2060
0.502000,0.972100,0.420000,0.834300,0.452000,0.920300,0.382000,0.835300,0.434000,0.893500,0.496000,0.939600,0.454000,0.852400,0.424000,0.812800,0.404000,0.821900,0.474000,0.998000,1824.044000,109.152000,109.152000,2920.562020,6.924375,6.924375,4.442000,39.954000,2070
0.458000,0.915300,0.378000,0.807700,0.444000,0.926300,0.424000,0.820600,0.474000,0.941600,0.462000,0.911800,0.466000,0.872500,0.432000,0.917600,0.412000,0.839900,0.526000,1.000000,1821.834000,108.896000,108.896000,2333.163511,6.988875,6.988875,4.476000,40.290000,2080
0.424000,0.907500,0.382000,0.760100,0.516000,0.924700,0.478000,0.960200,0.520000,0.981500,0.404000,0.866800,0.436000,0.889600,0.494000,0.962200,0.394000,0.825100,0.486000,1.000000,1825.522000,104.202000,104.202000,1867.335868,7.080500,7.080500,4.534000,40.848000,2090
0.458000,0.893500,0.388000,0.774900,0.482000,0.927900,0.456000,0.854400,0.476000,0.993800,0.460000,0.916300,0.434000,0.891100,0.486000,0.967000,0.396000,0.807500,0.470000,1.000000,1822.100000,105.982000,105.982000,1808.959595,7.072125,7.072125,4.506000,40.630000,2100
0.456000,0.903100,0.356000,0.728900,0.486000,0.965400,0.428000,0.897700,0.526000,0.995100,0.476000,0.910900,0.494000,0.887000,0.464000,0.916300,0.394000,0.856300,0.462000,0.998000,1825.444000,109.294000,109.294000,1571.855275,7.054375,7.054375,4.542000,40.754000,2110
0.514000,0.937000,0.414000,0.810500,0.480000,0.967000,0.450000,0.893300,0.500000,0.977400,0.446000,0.885100,0.396000,0.847500,0.468000,0.943700,0.398000,0.782400,0.448000,1.000000,1824.392000,102.966000,102.966000,1502.385615,7.078500,7.078500,4.514000,40.708000,2120
0.444000,0.919700,0.436000,0.841900,0.490000,0.942500,0.452000,0.914000,0.502000,0.967300,0.452000,0.910600,0.422000,0.852400,0.456000,0.906700,0.420000,0.825500,0.474000,0.999600,1832.246000,98.222000,98.222000,1549.900517,7.083625,7.083625,4.548000,40.854000,2130
0.446000,0.876500,0.414000,0.870700,0.504000,0.960800,0.408000,0.886400,0.456000,0.965000,0.466000,0.928000,0.428000,0.860600,0.462000,0.918700,0.428000,0.841600,0.554000,0.996000,1828.840000,89.230000,89.230000,1582.085271,7.092750,7.092750,4.566000,40.956000,2140
0.438000,0.878300,0.430000,0.873800,0.468000,0.915600,0.464000,0.919800,0.480000,0.928600,0.442000,0.844900,0.430000,0.920100,0.452000,0.911500,0.374000,0.781100,0.492000,0.998000,1835.742000,85.292000,85.292000,1290.563864,7.044875,7.044875,4.470000,40.390000,2150
0.448000,0.906300,0.476000,0.944400,0.424000,0.908000,0.440000,0.951900,0.462000,0.965500,0.456000,0.871900,0.476000,0.911600,0.468000,0.895700,0.386000,0.730900,0.530000,0.991800,1819.864000,93.342000,93.342000,1510.582200,7.061125,7.061125,4.566000,40.834000,2160
0.516000,0.937500,0.454000,0.916300,0.450000,0.893800,0.468000,0.954600,0.470000,0.948700,0.468000,0.886300,0.500000,0.956900,0.432000,0.882200,0.390000,0.778300,0.470000,0.994000,1831.860000,98.152000,98.152000,1715.916729,7.079375,7.079375,4.618000,41.126000,2170
0.520000,0.979700,0.450000,0.922600,0.446000,0.888000,0.476000,0.929700,0.502000,0.936100,0.412000,0.903700,0.470000,0.946500,0.422000,0.873900,0.370000,0.738800,0.492000,0.997300,1828.674000,88.998000,88.998000,1452.531058,7.119125,7.119125,4.560000,41.026000,2180
0.504000,0.984100,0.460000,0.893600,0.466000,0.907300,0.430000,0.887300,0.452000,0.940000,0.472000,0.880500,0.480000,0.925500,0.382000,0.862100,0.366000,0.736700,0.442000,0.998000,1815.870000,81.868000,81.868000,1357.285146,7.118500,7.118500,4.454000,40.608000,2190
0.512000,0.961900,0.462000,0.948200,0.480000,0.900100,0.412000,0.888900,0.436000,0.973800,0.450000,0.868600,0.438000,0.937000,0.432000,0.848600,0.378000,0.713600,0.514000,1.000000,1825.508000,85.682000,85.682000,1688.533944,7.067125,7.067125,4.514000,40.682000,2200
0.428000,0.958400,0.420000,0.882900,0.462000,0.890400,0.430000,0.856100,0.472000,0.935900,0.440000,0.842700,0.500000,0.957300,0.452000,0.884000,0.278000,0.625500,0.502000,0.994000,1820.214000,94.460000,94.460000,2625.675752,6.949000,6.949000,4.384000,39.756000,2210
0.494000,0.965500,0.442000,0.891400,0.418000,0.875700,0.444000,0.834600,0.446000,0.882200,0.398000,0.804300,0.468000,0.949200,0.448000,0.926300,0.296000,0.609700,0.488000,1.000000,1830.196000,100.256000,100.256000,2307.970405,6.865125,6.865125,4.342000,39.342000,2220
0.510000,0.981400,0.412000,0.874500,0.444000,0.895100,0.434000,0.843100,0.432000,0.895300,0.418000,0.813700,0.498000,0.961700,0.468000,0.907200,0.360000,0.754500,0.486000,1.000000,1829.562000,106.680000,106.680000,2452.506613,6.993875,6.993875,4.462000,40.178000,2230
0.474000,0.957100,0.468000,0.911700,0.474000,0.899700,0.408000,0.901000,0.468000,0.903200,0.426000,0.846900,0.494000,0.966400,0.406000,0.821800,0.436000,0.853600,0.502000,1.000000,1822.232000,113.470000,113.470000,2289.251603,7.050500,7.050500,4.556000,40.752000,2240
0.484000,0.968300,0.434000,0.903500,0.442000,0.868500,0.440000,0.850900,0.488000,0.952500,0.442000,0.880100,0.464000,0.948600,0.396000,0.823100,0.422000,0.828200,0.508000,0.994000,1819.114000,113.256000,113.256000,2161.469403,7.051500,7.051500,4.520000,40.576000,2250
0.472000,0.973400,0.452000,0.865000,0.438000,0.922500,0.452000,0.859800,0.448000,0.923600,0.408000,0.880500,0.474000,0.925700,0.384000,0.782600,0.400000,0.792500,0.508000,0.999100,1815.736000,113.684000,113.684000,2084.629403,7.003625,7.003625,4.436000,40.186000,2260
0.446000,0.947700,0.448000,0.884400,0.464000,0.888300,0.406000,0.857700,0.432000,0.875900,0.412000,0.877600,0.450000,0.918800,0.384000,0.749600,0.412000,0.815800,0.548000,0.988000,1818.246000,107.816000,107.816000,2236.302749,6.877125,6.877125,4.402000,39.618000,2270
0.496000,0.950900,0.454000,0.841400,0.436000,0.899200,0.418000,0.855000,0.510000,0.945300,0.466000,0.884200,0.430000,0.862700,0.386000,0.814500,0.412000,0.805300,0.494000,0.992000,1830.822000,115.340000,115.340000,3269.186774,6.806500,6.806500,4.502000,39.756000,2280
0.526000,0.981900,0.420000,0.812700,0.404000,0.897900,0.490000,0.911200,0.446000,0.943400,0.412000,0.845500,0.460000,0.904400,0.446000,0.891100,0.446000,0.887800,0.478000,0.996300,1819.520000,125.620000,125.620000,3335.085772,7.082125,7.082125,4.528000,40.826000,2290
0.496000,0.978500,0.410000,0.843200,0.474000,0.943600,0.428000,0.904400,0.482000,0.957100,0.424000,0.879000,0.442000,0.862800,0.452000,0.860000,0.466000,0.932000,0.508000,1.000000,1806.602000,132.662000,132.662000,2889.438633,7.162375,7.162375,4.582000,41.226000,2300
0.432000,0.972900,0.436000,0.883700,0.516000,0.970900,0.446000,0.932800,0.496000,0.953000,0.464000,0.882800,0.480000,0.913100,0.444000,0.909800,0.476000,0.910800,0.488000,0.998000,1829.692000,129.762000,129.762000,3180.762882,7.270250,7.270250,4.678000,41.964000,2310
0.478000,0.949500,0.458000,0.864900,0.440000,0.951700,0.462000,0.895300,0.466000,0.928000,0.474000,0.917400,0.502000,0.970200,0.468000,0.936200,0.436000,0.931900,0.482000,0.998000,1824.058000,130.824000,130.824000,2316.409844,7.293500,7.293500,4.666000,42.048000,2320
0.438000,0.887900,0.468000,0.891600,0.470000,0.948100,0.482000,0.952700,0.436000,0.891900,0.534000,0.962900,0.492000,0.916200,0.464000,0.948800,0.410000,0.967900,0.508000,0.994000,1824.652000,122.388000,122.388000,2908.975407,7.270000,7.270000,4.702000,42.104000,2330
0.466000,0.894500,0.476000,0.901600,0.502000,0.961000,0.442000,0.943200,0.440000,0.878600,0.480000,0.981300,0.418000,0.868400,0.440000,0.917900,0.454000,0.960200,0.528000,0.997500,1831.440000,118.050000,118.050000,2352.801102,7.279750,7.279750,4.646000,41.876000,2340
0.506000,0.936400,0.406000,0.867600,0.470000,0.951600,0.474000,0.906500,0.478000,0.872800,0.498000,0.963200,0.396000,0.930200,0.446000,0.955600,0.494000,0.946300,0.500000,0.998800,1828.868000,109.724000,109.724000,2483.442709,7.275625,7.275625,4.668000,41.978000,2350
0.544000,0.947200,0.446000,0.871600,0.456000,0.903700,0.462000,0.918500,0.374000,0.807200,0.472000,0.966200,0.488000,0.943700,0.448000,0.935000,0.476000,0.982000,0.490000,1.000000,1826.862000,97.734000,97.734000,1912.524293,7.217250,7.217250,4.656000,41.724000,2360
0.508000,0.982800,0.424000,0.879700,0.422000,0.943500,0.476000,0.892900,0.408000,0.796200,0.484000,0.961200,0.438000,0.906100,0.444000,0.954500,0.506000,0.972500,0.512000,0.997600,1831.924000,90.374000,90.374000,1437.613351,7.267125,7.267125,4.622000,41.806000,2370
0.462000,0.966700,0.456000,0.921300,0.472000,0.905900,0.456000,0.900900,0.422000,0.812100,0.456000,0.928300,0.426000,0.861300,0.450000,0.899500,0.498000,0.992800,0.486000,1.000000,1827.056000,92.178000,92.178000,1661.621559,7.215625,7.215625,4.584000,41.370000,2380
0.496000,0.975400,0.440000,0.899600,0.498000,0.916700,0.416000,0.879400,0.412000,0.831200,0.420000,0.897900,0.434000,0.895200,0.456000,0.883600,0.466000,0.917500,0.494000,0.998000,1812.326000,98.560000,98.560000,1676.864128,7.123750,7.123750,4.532000,40.932000,2390
0.522000,0.967200,0.464000,0.848500,0.422000,0.864300,0.448000,0.921300,0.378000,0.797200,0.456000,0.907000,0.432000,0.870000,0.408000,0.826600,0.472000,0.954700,0.534000,1.000000,1823.356000,102.792000,102.792000,1490.333403,6.918625,6.918625,4.536000,40.258000,2400
0.480000,0.969400,0.406000,0.856100,0.414000,0.874000,0.470000,0.939900,0.396000,0.741000,0.436000,0.917500,0.438000,0.866700,0.448000,0.826300,0.446000,0.899300,0.502000,0.998000,1820.348000,92.708000,92.708000,1501.529796,6.991750,6.991750,4.436000,40.020000,2410
0.490000,0.980400,0.424000,0.829800,0.426000,0.892800,0.500000,0.957700,0.384000,0.764100,0.496000,0.911600,0.388000,0.838700,0.372000,0.742300,0.450000,0.913700,0.490000,0.990800,1825.972000,101.930000,101.930000,2109.977054,6.894000,6.894000,4.420000,39.692000,2420
0.474000,0.972300,0.422000,0.856900,0.426000,0.860100,0.500000,0.941600,0.410000,0.761500,0.434000,0.879400,0.408000,0.831900,0.368000,0.777700,0.494000,0.940500,0.488000,0.998000,1821.112000,100.772000,100.772000,2148.994004,6.869125,6.869125,4.424000,39.678000,2430
0.490000,0.944900,0.380000,0.865000,0.440000,0.875300,0.476000,0.918000,0.402000,0.799600,0.390000,0.855900,0.426000,0.811400,0.450000,0.839500,0.494000,0.970200,0.478000,0.988000,1806.734000,90.400000,90.400000,2100.913828,6.917750,6.917750,4.426000,39.900000,2440
0.510000,0.930900,0.446000,0.869600,0.378000,0.772800,0.410000,0.898000,0.416000,0.825700,0.414000,0.835300,0.464000,0.923000,0.430000,0.862600,0.488000,0.990500,0.516000,0.994000,1829.702000,79.514000,79.514000,937.548902,6.925125,6.925125,4.472000,40.038000,2450
0.480000,0.962400,0.498000,0.887200,0.438000,0.846000,0.422000,0.885300,0.420000,0.885600,0.416000,0.847600,0.462000,0.930400,0.464000,0.880300,0.498000,0.965900,0.452000,1.000000,1818.196000,81.522000,81.522000,1193.869255,7.098625,7.098625,4.550000,40.906000,2460
0.488000,0.968400,0.450000,0.908300,0.410000,0.843100,0.424000,0.901000,0.454000,0.892000,0.530000,0.946800,0.418000,0.876900,0.432000,0.906900,0.494000,0.973900,0.476000,0.994000,1822.218000,88.424000,88.424000,1550.352930,7.245625,7.245625,4.576000,41.482000,2470
0.458000,0.965100,0.390000,0.827300,0.486000,0.936300,0.430000,0.929100,0.452000,0.924500,0.484000,0.945600,0.468000,0.892200,0.508000,0.922000,0.460000,0.931100,0.504000,1.000000,1815.912000,99.418000,99.418000,1935.995267,7.231375,7.231375,4.640000,41.722000,2480
0.454000,0.947200,0.432000,0.887000,0.502000,0.966900,0.464000,0.886500,0.484000,0.908600,0.446000,0.894900,0.470000,0.930200,0.440000,0.894000,0.456000,0.949000,0.500000,0.988400,1819.828000,101.614000,101.614000,2477.151307,7.192000,7.192000,4.648000,41.616000,2490
0.490000,0.976400,0.466000,0.909100,0.486000,0.944600,0.424000,0.843800,0.416000,0.872300,0.454000,0.946000,0.464000,0.958900,0.490000,0.939600,0.478000,0.929600,0.494000,1.000000,1823.686000,123.606000,123.606000,4411.694152,7.293250,7.293250,4.662000,41.948000,2500
0.470000,0.985600,0.436000,0.859600,0.494000,0.953500,0.402000,0.804700,0.422000,0.864000,0.426000,0.938500,0.476000,0.931100,0.458000,0.932700,0.508000,0.953400,0.510000,0.996000,1822.868000,120.672000,120.672000,3073.687792,7.204375,7.204375,4.602000,41.490000,2510
0.538000,0.982500,0.392000,0.852500,0.468000,0.913600,0.392000,0.794100,0.430000,0.846700,0.450000,0.914900,0.464000,0.903100,0.460000,0.939600,0.464000,0.969700,0.496000,1.000000,1820.320000,122.534000,122.534000,3159.507860,7.128375,7.128375,4.554000,41.030000,2520
0.444000,0.963000,0.460000,0.872200,0.444000,0.880400,0.438000,0.819500,0.390000,0.814500,0.442000,0.912300,0.452000,0.920800,0.486000,0.958400,0.464000,0.950900,0.520000,1.000000,1824.498000,116.262000,116.262000,2442.558473,7.111000,7.111000,4.540000,40.920000,2530
0.524000,0.979100,0.440000,0.934000,0.400000,0.812600,0.414000,0.834700,0.422000,0.785500,0.418000,0.895500,0.454000,0.947400,0.460000,0.956700,0.510000,0.946400,0.500000,1.000000,1826.390000,124.936000,124.936000,2673.919743,7.110875,7.110875,4.542000,40.918000,2540
0.496000,0.974100,0.436000,0.874200,0.378000,0.814400,0.434000,0.844600,0.436000,0.808100,0.436000,0.908800,0.448000,0.894900,0.448000,0.934500,0.446000,0.929900,0.528000,1.000000,1829.998000,121.092000,121.092000,2013.907351,7.033000,7.033000,4.486000,40.432000,2550
0.526000,0.969900,0.438000,0.915000,0.432000,0.860600,0.442000,0.840800,0.424000,0.829000,0.508000,0.942800,0.468000,0.932000,0.470000,0.936800,0.406000,0.896800,0.496000,0.999600,1815.688000,103.310000,103.310000,1880.178257,7.045750,7.045750,4.610000,41.012000,2560
0.488000,0.942000,0.460000,0.906600,0.408000,0.816300,0.430000,0.862500,0.430000,0.814400,0.456000,0.918100,0.476000,0.937900,0.434000,0.907700,0.406000,0.865300,0.486000,0.992000,1821.430000,96.280000,96.280000,2272.242084,7.016750,7.016750,4.474000,40.340000,2570
0.450000,0.930200,0.464000,0.935300,0.372000,0.777400,0.456000,0.867600,0.436000,0.882400,0.454000,0.879900,0.444000,0.953400,0.442000,0.908700,0.422000,0.834300,0.526000,0.996000,1817.564000,98.316000,98.316000,2597.915976,7.039625,7.039625,4.466000,40.362000,2580
0.440000,0.911900,0.490000,0.945800,0.414000,0.831400,0.466000,0.885300,0.432000,0.830900,0.412000,0.873700,0.472000,0.909800,0.440000,0.877200,0.394000,0.782900,0.482000,0.985900,1828.722000,108.260000,108.260000,3632.978357,6.860625,6.860625,4.442000,39.730000,2590
0.440000,0.899600,0.474000,0.933400,0.494000,0.911700,0.456000,0.897600,0.410000,0.857100,0.478000,0.921700,0.410000,0.934300,0.444000,0.879600,0.418000,0.837000,0.480000,0.989100,1821.594000,106.326000,106.326000,3457.795315,7.122375,7.122375,4.504000,40.802000,2600
0.450000,0.929900,0.440000,0.894900,0.460000,0.895200,0.420000,0.881600,0.488000,0.912200,0.454000,0.929000,0.472000,0.928500,0.420000,0.853000,0.384000,0.806400,0.466000,0.989500,1823.208000,88.350000,88.350000,1982.668838,7.130750,7.130750,4.454000,40.644000,2610
0.470000,0.925900,0.478000,0.916600,0.412000,0.892700,0.450000,0.855200,0.414000,0.871100,0.466000,0.928300,0.456000,0.928100,0.442000,0.877400,0.444000,0.865600,0.502000,0.976000,1820.630000,88.942000,88.942000,2530.507651,7.048375,7.048375,4.534000,40.654000,2620
0.448000,0.917700,0.450000,0.867300,0.510000,0.929000,0.430000,0.872500,0.426000,0.861800,0.466000,0.912300,0.496000,0.969500,0.450000,0.900400,0.458000,0.968400,0.476000,0.991800,1824.288000,97.726000,97.726000,2126.135194,7.168625,7.168625,4.610000,41.350000,2630
0.490000,0.925100,0.414000,0.873800,0.420000,0.874000,0.428000,0.841300,0.408000,0.832500,0.466000,0.895100,0.496000,0.972900,0.458000,0.904700,0.478000,0.986000,0.508000,0.994000,1823.354000,100.388000,100.388000,2207.985427,7.084000,7.084000,4.566000,40.928000,2640
0.478000,0.953400,0.408000,0.816800,0.474000,0.902500,0.394000,0.871800,0.408000,0.829400,0.434000,0.886400,0.478000,0.968400,0.500000,0.906100,0.472000,0.971000,0.494000,0.993200,1824.132000,96.462000,96.462000,2158.593743,7.116750,7.116750,4.540000,40.952000,2650
0.498000,0.959400,0.438000,0.930000,0.472000,0.924400,0.388000,0.811300,0.430000,0.834600,0.406000,0.789800,0.478000,0.962000,0.460000,0.890500,0.496000,0.992200,0.480000,0.990400,1825.762000,99.720000,99.720000,2246.218036,7.097250,7.097250,4.546000,40.880000,2660
0.496000,0.982500,0.478000,0.948900,0.488000,0.937800,0.398000,0.809300,0.406000,0.839500,0.384000,0.792000,0.476000,0.957500,0.488000,0.928200,0.470000,0.993600,0.492000,1.000000,1822.154000,112.348000,112.348000,2633.389675,7.205875,7.205875,4.576000,41.370000,2670
0.448000,0.970500,0.464000,0.973200,0.466000,0.920500,0.408000,0.851000,0.436000,0.864100,0.446000,0.852000,0.418000,0.880000,0.490000,0.965200,0.554000,0.994000,0.496000,0.994000,1825.832000,128.522000,128.522000,4540.410337,7.246750,7.246750,4.626000,41.696000,2680
0.492000,0.974800,0.466000,0.926800,0.438000,0.900500,0.420000,0.851000,0.492000,0.930500,0.462000,0.915800,0.454000,0.936000,0.480000,0.956400,0.458000,0.979600,0.538000,0.996000,1815.348000,102.836000,102.836000,3210.999102,7.281125,7.281125,4.700000,42.134000,2690
0.480000,0.953800,0.500000,0.947100,0.440000,0.913600,0.400000,0.844100,0.460000,0.938900,0.492000,0.943500,0.514000,0.940000,0.428000,0.915500,0.482000,0.984000,0.492000,0.994400,1822.832000,99.010000,99.010000,1822.310521,7.334125,7.334125,4.688000,42.190000,2700
0.460000,0.939500,0.464000,0.944500,0.462000,0.933700,0.422000,0.883900,0.472000,0.955500,0.494000,0.932200,0.460000,0.925400,0.436000,0.913200,0.496000,0.967700,0.508000,0.990000,1820.858000,97.888000,97.888000,1987.618693,7.353250,7.353250,4.674000,42.252000,2710
0.454000,0.919400,0.466000,0.921000,0.456000,0.923600,0.416000,0.888300,0.474000,0.957100,0.476000,0.903600,0.484000,0.951700,0.488000,0.937100,0.470000,0.925700,0.484000,0.992000,1811.754000,98.148000,98.148000,2245.745587,7.258250,7.258250,4.668000,41.928000,2720
0.448000,0.862100,0.464000,0.915800,0.488000,0.957900,0.456000,0.898000,0.480000,0.928700,0.438000,0.886400,0.428000,0.866100,0.462000,0.914700,0.462000,0.940700,0.466000,0.996200,1832.884000,101.682000,101.682000,2940.309495,7.143250,7.143250,4.592000,41.244000,2730
0.400000,0.768100,0.440000,0.920900,0.446000,0.920900,0.454000,0.919800,0.460000,0.920400,0.460000,0.914400,0.366000,0.793700,0.460000,0.950200,0.540000,0.952800,0.510000,0.997600,1827.240000,119.542000,119.542000,3062.068373,7.057250,7.057250,4.536000,40.756000,2740
0.438000,0.890600,0.440000,0.901600,0.404000,0.819400,0.470000,0.939900,0.484000,0.966200,0.480000,0.956100,0.424000,0.811900,0.494000,0.952600,0.470000,0.968500,0.478000,0.998000,1823.828000,128.090000,128.090000,3062.470842,7.207000,7.207000,4.582000,41.432000,2750
0.448000,0.896000,0.466000,0.938400,0.412000,0.802100,0.468000,0.930400,0.520000,0.984000,0.448000,0.944400,0.348000,0.699800,0.410000,0.939000,0.516000,0.963000,0.506000,1.000000,1828.914000,133.146000,133.146000,2195.183050,7.120875,7.120875,4.542000,40.942000,2760
0.442000,0.902400,0.436000,0.931800,0.402000,0.774400,0.426000,0.902400,0.546000,0.982100,0.480000,0.940000,0.344000,0.652200,0.492000,0.915600,0.468000,0.942600,0.486000,1.000000,1819.584000,137.512000,137.512000,2531.577010,6.937875,6.937875,4.522000,40.210000,2770
0.488000,0.956700,0.412000,0.874300,0.372000,0.735700,0.426000,0.864900,0.486000,0.978400,0.432000,0.920800,0.378000,0.741300,0.474000,0.898600,0.484000,0.943200,0.498000,0.998000,1833.422000,126.226000,126.226000,2415.325575,6.978625,6.978625,4.450000,40.114000,2780
0.450000,0.959000,0.460000,0.892900,0.410000,0.778100,0.414000,0.846300,0.460000,0.962300,0.488000,0.929700,0.370000,0.708900,0.456000,0.883800,0.442000,0.927000,0.508000,1.000000,1820.186000,111.128000,111.128000,2027.851319,6.919375,6.919375,4.458000,39.978000,2790
0.464000,0.925100,0.432000,0.874000,0.368000,0.796200,0.484000,0.912200,0.442000,0.915100,0.478000,0.940400,0.372000,0.730600,0.378000,0.829600,0.526000,0.962000,0.508000,0.998000,1826.236000,109.572000,109.572000,2224.201218,6.900000,6.900000,4.452000,39.952000,2800
0.412000,0.868700,0.474000,0.950000,0.416000,0.835000,0.434000,0.862000,0.478000,0.920300,0.528000,0.970800,0.398000,0.820200,0.412000,0.782700,0.470000,0.945300,0.486000,0.998000,1819.984000,102.568000,102.568000,1793.853082,6.933125,6.933125,4.508000,40.254000,2810
0.448000,0.911700,0.504000,0.972800,0.416000,0.842400,0.458000,0.904500,0.468000,0.913700,0.504000,0.978300,0.438000,0.864800,0.376000,0.782900,0.468000,0.985100,0.480000,0.992100,1821.548000,77.664000,77.664000,1632.095295,7.176375,7.176375,4.560000,41.182000,2820
0.460000,0.894500,0.422000,0.955500,0.426000,0.844400,0.464000,0.935500,0.512000,0.938500,0.460000,0.967300,0.418000,0.845900,0.404000,0.853300,0.516000,0.971400,0.484000,0.953800,1817.466000,74.990000,74.990000,1544.238377,7.180000,7.180000,4.566000,41.236000,2830
0.400000,0.838500,0.436000,0.878000,0.418000,0.812900,0.474000,0.913400,0.400000,0.918400,0.486000,0.968300,0.422000,0.810400,0.402000,0.852500,0.486000,0.972200,0.502000,0.969100,1829.460000,64.564000,64.564000,1559.504914,7.053125,7.053125,4.426000,40.242000,2840
0.416000,0.832300,0.436000,0.866800,0.450000,0.858400,0.464000,0.937000,0.412000,0.912200,0.480000,0.930200,0.406000,0.798900,0.434000,0.835700,0.478000,0.955200,0.492000,0.987700,1823.464000,68.798000,68.798000,1744.562321,6.934750,6.934750,4.468000,40.104000,2850
0.396000,0.849600,0.486000,0.887900,0.434000,0.842300,0.486000,0.947800,0.420000,0.869200,0.446000,0.943100,0.330000,0.720600,0.420000,0.816100,0.478000,0.951200,0.498000,0.984800,1816.382000,80.062000,80.062000,2093.689535,6.900625,6.900625,4.394000,39.670000,2860
0.428000,0.857700,0.416000,0.882900,0.480000,0.861600,0.430000,0.914000,0.450000,0.841300,0.528000,0.972600,0.350000,0.750100,0.432000,0.863000,0.486000,0.978500,0.460000,0.988900,1821.700000,84.064000,84.064000,2072.809523,6.960250,6.960250,4.460000,40.096000,2870
0.414000,0.850200,0.520000,0.951900,0.420000,0.885900,0.446000,0.927200,0.390000,0.811600,0.488000,0.990000,0.406000,0.790600,0.412000,0.864000,0.474000,0.962600,0.500000,0.985400,1825.064000,84.904000,84.904000,1385.449683,7.106375,7.106375,4.470000,40.626000,2880
0.422000,0.870500,0.468000,0.937500,0.398000,0.857200,0.470000,0.905800,0.382000,0.751000,0.480000,0.969900,0.442000,0.854300,0.462000,0.884600,0.452000,0.921200,0.482000,0.978000,1809.380000,83.274000,83.274000,1846.263451,6.979375,6.979375,4.458000,40.186000,2890
0.444000,0.912400,0.458000,0.884100,0.420000,0.894500,0.348000,0.772000,0.424000,0.829500,0.486000,0.973500,0.440000,0.886000,0.468000,0.875000,0.484000,0.917500,0.492000,0.979400,1818.958000,88.066000,88.066000,1900.554754,6.956750,6.956750,4.464000,40.152000,2900
0.478000,0.935900,0.446000,0.862700,0.424000,0.928000,0.364000,0.756200,0.440000,0.829100,0.478000,0.948800,0.474000,0.926700,0.436000,0.875500,0.420000,0.883800,0.488000,0.975700,1824.118000,98.568000,98.568000,2827.784946,6.999375,6.999375,4.448000,40.170000,2910
0.432000,0.929100,0.412000,0.805000,0.514000,0.974900,0.344000,0.690600,0.438000,0.848200,0.460000,0.970200,0.486000,0.964700,0.412000,0.835300,0.484000,0.938300,0.504000,0.996000,1816.934000,111.032000,111.032000,3666.063102,6.963875,6.963875,4.486000,40.266000,2920
0.456000,0.951600,0.406000,0.779700,0.472000,0.992000,0.388000,0.749900,0.440000,0.895400,0.500000,0.971000,0.496000,0.967600,0.464000,0.942800,0.478000,0.982400,0.484000,0.992000,1827.040000,120.170000,120.170000,3343.383868,7.252500,7.252500,4.584000,41.540000,2930
0.454000,0.942000,0.388000,0.818600,0.482000,0.990400,0.438000,0.830400,0.440000,0.897200,0.480000,0.918500,0.424000,0.921300,0.498000,0.965100,0.514000,0.968900,0.504000,0.999000,1825.578000,133.208000,133.208000,3038.088914,7.241750,7.241750,4.622000,41.640000,2940
0.508000,0.974500,0.372000,0.752200,0.504000,0.991500,0.418000,0.901800,0.488000,0.939000,0.426000,0.883300,0.444000,0.909100,0.472000,0.978300,0.502000,0.977400,0.512000,1.000000,1825.648000,128.536000,128.536000,2770.778261,7.279500,7.279500,4.646000,41.888000,2950
0.482000,0.962900,0.446000,0.894700,0.496000,0.957700,0.436000,0.915500,0.460000,0.893600,0.424000,0.854400,0.450000,0.906400,0.498000,0.981600,0.452000,0.966300,0.510000,1.000000,1825.726000,121.222000,121.222000,2336.774265,7.313750,7.313750,4.654000,42.016000,2960
0.476000,0.957400,0.450000,0.913400,0.480000,0.944500,0.440000,0.899300,0.474000,0.910000,0.414000,0.837600,0.468000,0.903400,0.484000,0.986500,0.458000,0.945200,0.492000,1.000000,1833.040000,125.036000,125.036000,2378.387479,7.268625,7.268625,4.636000,41.842000,2970
0.480000,0.944400,0.392000,0.826400,0.504000,0.944700,0.426000,0.891300,0.458000,0.933000,0.464000,0.849700,0.472000,0.926300,0.472000,0.962000,0.442000,0.941200,0.474000,1.000000,1817.664000,109.204000,109.204000,2258.298982,7.230375,7.230375,4.584000,41.502000,2980
0.456000,0.887200,0.418000,0.839500,0.440000,0.944300,0.470000,0.932800,0.438000,0.914900,0.404000,0.846200,0.484000,0.958400,0.520000,0.969500,0.452000,0.950700,0.526000,1.000000,1819.522000,111.328000,111.328000,2048.601619,7.243750,7.243750,4.608000,41.608000,2990
0.446000,0.930400,0.442000,0.845700,0.486000,0.953900,0.436000,0.871600,0.434000,0.878700,0.468000,0.882400,0.406000,0.922600,0.494000,0.942600,0.504000,0.956700,0.486000,0.994500,1816.822000,104.490000,104.490000,1666.390681,7.160875,7.160875,4.602000,41.294000,3000
0.458000,0.898800,0.406000,0.813000,0.438000,0.907700,0.394000,0.842800,0.406000,0.873300,0.458000,0.934400,0.444000,0.860300,0.508000,0.937600,0.418000,0.859100,0.500000,0.996000,1814.516000,105.194000,105.194000,2134.934232,7.004625,7.004625,4.430000,40.178000,3010
0.446000,0.909500,0.390000,0.829100,0.446000,0.953700,0.414000,0.788200,0.474000,0.885700,0.442000,0.927900,0.420000,0.854500,0.474000,0.940600,0.446000,0.900800,0.514000,0.998000,1821.122000,105.794000,105.794000,1984.228020,7.053125,7.053125,4.466000,40.470000,3020
0.450000,0.923800,0.366000,0.823300,0.508000,0.956600,0.402000,0.791800,0.424000,0.905600,0.476000,0.947100,0.470000,0.889300,0.464000,0.904400,0.478000,0.901200,0.466000,0.998000,1819.914000,91.822000,91.822000,2283.797912,7.088375,7.088375,4.504000,40.706000,3030
0.462000,0.901300,0.420000,0.787100,0.484000,0.957000,0.394000,0.707800,0.432000,0.892900,0.450000,0.890700,0.436000,0.891000,0.478000,0.921900,0.450000,0.898300,0.424000,0.996000,1822.438000,92.888000,92.888000,2349.566589,6.918125,6.918125,4.430000,39.802000,3040
0.450000,0.922100,0.376000,0.780200,0.518000,0.963200,0.400000,0.768400,0.404000,0.875500,0.470000,0.915600,0.470000,0.883300,0.400000,0.864800,0.454000,0.887700,0.496000,0.996800,1828.202000,105.594000,105.594000,3470.434032,6.907125,6.907125,4.438000,39.850000,3050
0.458000,0.927900,0.402000,0.779300,0.448000,0.914500,0.430000,0.872400,0.444000,0.875600,0.450000,0.908200,0.450000,0.889700,0.414000,0.843300,0.444000,0.920600,0.524000,1.000000,1815.132000,110.648000,110.648000,3038.673443,6.975750,6.975750,4.464000,40.196000,3060
0.490000,0.947200,0.408000,0.767400,0.440000,0.916800,0.450000,0.863600,0.428000,0.887700,0.474000,0.937000,0.420000,0.863900,0.456000,0.875200,0.480000,0.891600,0.462000,1.000000,1817.006000,110.144000,110.144000,2673.149563,6.952500,6.952500,4.508000,40.248000,3070
0.502000,0.973300,0.376000,0.703200,0.464000,0.908800,0.428000,0.896800,0.418000,0.822200,0.430000,0.895100,0.420000,0.857300,0.446000,0.866900,0.474000,0.958800,0.514000,1.000000,1820.950000,107.860000,107.860000,2904.276954,6.889500,6.889500,4.472000,39.936000,3080
0.464000,0.949500,0.480000,0.893800,0.436000,0.933100,0.426000,0.891600,0.456000,0.890300,0.424000,0.832100,0.462000,0.890000,0.434000,0.885900,0.464000,0.913200,0.474000,1.000000,1818.802000,119.150000,119.150000,2364.496493,7.112500,7.112500,4.520000,40.876000,3090
0.428000,0.891500,0.518000,0.959500,0.500000,0.969500,0.468000,0.936200,0.472000,0.945900,0.484000,0.838800,0.378000,0.854100,0.438000,0.891200,0.428000,0.860800,0.490000,1.000000,1821.134000,107.782000,107.782000,1469.136749,7.115375,7.115375,4.604000,41.142000,3100
0.472000,0.903600,0.454000,0.916100,0.462000,0.986600,0.420000,0.905800,0.482000,0.939300,0.374000,0.827500,0.454000,0.894900,0.434000,0.863400,0.468000,0.854100,0.524000,1.000000,1817.796000,103.474000,103.474000,1472.774874,7.093875,7.093875,4.544000,40.914000,3110
0.416000,0.850500,0.466000,0.960300,0.464000,0.994300,0.460000,0.929700,0.496000,0.949600,0.416000,0.814200,0.486000,0.967000,0.454000,0.918400,0.488000,0.919000,0.486000,1.000000,1822.786000,109.564000,109.564000,1282.098100,7.311500,7.311500,4.632000,41.892000,3120
0.422000,0.853400,0.514000,0.955500,0.482000,0.990400,0.476000,0.956100,0.510000,0.922100,0.428000,0.841100,0.472000,0.915000,0.420000,0.898400,0.428000,0.949800,0.476000,0.998000,1824.500000,101.226000,101.226000,1692.195315,7.253250,7.253250,4.628000,41.760000,3130
0.438000,0.878300,0.468000,0.937300,0.498000,0.950400,0.482000,0.932800,0.476000,0.959400,0.444000,0.840800,0.472000,0.923100,0.422000,0.896400,0.456000,0.943500,0.476000,0.998000,1819.298000,102.054000,102.054000,1788.367820,7.230500,7.230500,4.632000,41.668000,3140
0.492000,0.892900,0.466000,0.929600,0.452000,0.947200,0.474000,0.936800,0.506000,0.939900,0.428000,0.874300,0.442000,0.920000,0.458000,0.890000,0.452000,0.922000,0.450000,1.000000,1822.038000,104.610000,104.610000,2411.488878,7.228750,7.228750,4.620000,41.636000,3150
0.454000,0.922100,0.454000,0.917000,0.496000,0.966600,0.468000,0.958500,0.478000,0.956200,0.432000,0.882100,0.492000,0.935300,0.406000,0.818800,0.480000,0.947500,0.494000,0.999600,1817.366000,112.298000,112.298000,2365.323844,7.258125,7.258125,4.654000,41.866000,3160
0.464000,0.948200,0.462000,0.831700,0.494000,0.989800,0.464000,0.958400,0.502000,0.973200,0.470000,0.914400,0.450000,0.950100,0.400000,0.827400,0.444000,0.949500,0.498000,1.000000,1810.374000,113.428000,113.428000,1956.157130,7.344000,7.344000,4.648000,42.068000,3170
