food0_AVE,food1_AVE,food2_AVE,genomeLength_AVE,markovBrainDeterministicGates_AVE,markovBrainGates_AVE,markovBrainGates_VAR,novelty_AVE,optimizeValue_AVE,repeated_AVE,score_AVE,switches_AVE,total_AVE,update
147.610000,0.236667,0.220000,5000.000000,5.990000,5.990000,0.171616,0.336667,0.456667,1.693333,0.456667,0.000000,0.456667,0
132.580000,34.536667,33.190000,5288.660000,5.990000,5.990000,0.797879,14.000000,20.971333,53.526667,20.971333,33.396667,67.726667,10
93.510000,49.843333,48.476667,5240.420000,5.760000,5.760000,0.790303,16.486667,31.045333,81.713333,31.045333,48.053333,98.320000,20
89.133333,55.160000,52.530000,5556.590000,6.530000,6.530000,0.574848,21.703333,38.884667,86.370000,38.884667,49.146667,107.690000,30
89.593333,49.150000,46.076667,5711.320000,6.910000,6.910000,1.840303,22.996667,38.209333,71.886667,38.209333,40.726667,95.226667,40
88.023333,53.266667,50.770000,5891.370000,6.600000,6.600000,1.030303,23.183333,40.108000,80.640000,40.108000,45.663333,104.036667,50
92.943333,54.720000,50.233333,6202.540000,6.900000,6.900000,0.616162,25.060000,43.549333,79.620000,43.549333,43.860000,104.953333,60
94.080000,46.930000,41.776667,6591.560000,7.180000,7.180000,1.442020,23.586667,38.582000,69.190000,38.582000,35.803333,88.706667,70
92.996667,51.350000,45.826667,7232.670000,6.860000,6.860000,1.616566,25.933333,42.758667,74.713333,42.758667,38.870000,97.176667,80
89.403333,53.293333,49.140000,7933.600000,6.750000,6.750000,2.593434,26.196667,43.890000,78.203333,43.890000,41.816667,102.433333,90
89.123333,53.940000,49.226667,7628.010000,6.920000,6.920000,2.498586,27.820000,46.382667,79.216667,46.382667,40.560000,103.166667,100
96.766667,54.233333,49.593333,7965.860000,7.970000,7.970000,4.251616,26.623333,45.311333,76.703333,45.311333,41.796667,103.826667,110
88.420000,56.193333,51.216667,7453.540000,8.050000,8.050000,13.603535,27.486667,47.098000,79.533333,47.098000,43.080000,107.410000,120
69.410000,56.220000,51.356667,6888.300000,8.270000,8.270000,30.663737,27.080000,47.246000,81.483333,47.246000,43.093333,107.576667,130
56.070000,57.050000,53.440000,6958.520000,7.720000,7.720000,21.193535,24.820000,44.531333,90.366667,44.531333,47.113333,110.490000,140
41.946667,59.396667,53.543333,6394.560000,6.170000,6.170000,1.839495,25.820000,49.356667,86.796667,49.356667,45.416667,112.940000,150
26.073333,66.803333,59.580000,6750.610000,6.480000,6.480000,1.928889,28.143333,55.291333,97.916667,55.291333,50.780000,126.383333,160
28.776667,63.306667,56.463333,7440.710000,6.630000,6.630000,3.104141,26.910000,52.108000,92.616667,52.108000,48.330000,119.770000,170
24.303333,65.003333,60.500000,7028.490000,6.700000,6.700000,4.050505,28.073333,53.702000,97.090000,53.702000,51.286667,125.503333,180
16.536667,67.136667,61.226667,6264.830000,5.710000,5.710000,0.713030,28.403333,56.436000,99.680000,56.436000,51.376667,128.363333,190
22.360000,64.173333,60.306667,6613.670000,5.790000,5.790000,0.551414,28.143333,56.281333,96.093333,56.281333,48.713333,124.480000,200
27.280000,62.636667,57.806667,6281.280000,5.860000,5.860000,0.929697,27.503333,54.853333,92.573333,54.853333,46.850000,120.443333,210
32.473333,57.360000,59.393333,6360.990000,5.400000,5.400000,0.686869,28.863333,58.499333,87.580000,58.499333,41.610000,116.753333,220
42.546667,52.006667,53.430000,6590.520000,5.240000,5.240000,0.749899,26.756667,56.394667,78.396667,56.394667,35.030000,105.436667,230
46.006667,50.473333,52.993333,6671.910000,5.730000,5.730000,2.017273,26.043333,54.032667,77.366667,54.032667,35.310000,103.466667,240
28.083333,51.266667,55.786667,7172.760000,5.980000,5.980000,2.262222,26.740000,57.078000,79.933333,57.078000,35.696667,107.053333,250
25.796667,53.770000,57.960000,7279.180000,5.780000,5.780000,0.779394,28.230000,60.728000,83.263333,60.728000,36.430000,111.730000,260
54.860000,49.426667,52.050000,7661.520000,6.270000,6.270000,1.451616,24.543333,52.140667,76.660000,52.140667,35.240000,101.476667,270
30.763333,54.876667,59.110000,7788.380000,6.360000,6.360000,2.757980,29.273333,62.522667,84.546667,62.522667,36.760000,113.986667,280
39.106667,52.450000,57.030000,8056.740000,7.040000,7.040000,2.442828,27.896667,59.649333,81.210000,59.649333,35.593333,109.480000,290
38.116667,50.563333,54.580000,8052.450000,6.610000,6.610000,2.119091,26.363333,56.460667,78.490000,56.460667,34.773333,105.143333,300
44.076667,52.043333,52.753333,8827.560000,6.410000,6.410000,1.456465,27.240000,54.961333,77.306667,54.961333,35.596667,104.796667,310
45.253333,53.110000,56.326667,9550.830000,6.620000,6.620000,2.662222,27.920000,57.398667,81.206667,57.398667,37.170000,109.436667,320
47.986667,50.113333,54.420000,9527.200000,6.680000,6.680000,2.866263,27.756667,58.347333,76.466667,58.347333,32.990000,104.533333,330
39.610000,48.410000,54.563333,9325.340000,6.990000,6.990000,3.686768,26.676667,56.530667,76.340000,56.530667,33.173333,102.973333,340
58.876667,43.480000,48.163333,9325.120000,6.660000,6.660000,3.135758,24.826667,53.726667,66.363333,53.726667,27.083333,91.643333,350
42.633333,45.510000,51.180000,8964.670000,6.140000,6.140000,2.202424,26.323333,55.679333,70.043333,55.679333,29.293333,96.690000,360
48.340000,46.656667,51.796667,10142.760000,5.980000,5.980000,3.534949,26.926667,57.811333,71.046667,57.811333,29.030000,98.453333,370
38.143333,46.996667,52.870000,11202.120000,5.060000,5.060000,0.663030,27.543333,59.845333,72.063333,59.845333,28.586667,99.866667,380
45.570000,50.143333,55.456667,11391.850000,5.260000,5.260000,1.143838,28.066667,58.028000,77.136667,58.028000,33.980000,105.600000,390
57.110000,43.430000,48.720000,12100.020000,5.820000,5.820000,0.876364,26.103333,53.118000,65.760000,53.118000,27.880000,92.150000,400
38.723333,49.290000,56.100000,11573.300000,5.620000,5.620000,1.025859,27.503333,60.095333,77.553333,60.095333,32.353333,105.390000,410
41.603333,48.106667,54.763333,11380.090000,5.640000,5.640000,1.101414,27.863333,59.885333,74.676667,59.885333,30.703333,102.870000,420
29.580000,51.310000,57.710000,11509.740000,5.530000,5.530000,0.615253,29.500000,63.762667,79.226667,63.762667,32.326667,109.020000,430
39.216667,45.913333,48.726667,11287.980000,5.140000,5.140000,0.444848,24.493333,51.384667,69.730000,51.384667,30.896667,94.640000,440
24.426667,49.590000,54.246667,11528.460000,5.380000,5.380000,1.147071,27.496667,60.278000,76.150000,60.278000,31.113333,103.836667,450
35.773333,50.216667,55.146667,11353.190000,5.270000,5.270000,0.986970,26.676667,60.446667,78.353333,60.446667,32.083333,105.363333,460
36.246667,47.170000,53.970000,11022.240000,5.020000,5.020000,0.827879,26.066667,57.502000,74.780000,57.502000,31.170000,101.140000,470
31.560000,49.970000,55.300000,10977.010000,4.850000,4.850000,0.452020,28.300000,63.382000,76.666667,63.382000,29.920000,105.270000,480
48.343333,45.466667,50.860000,11363.960000,5.130000,5.130000,0.296061,25.910000,58.536000,70.130000,58.536000,26.993333,96.326667,490
42.610000,44.973333,50.056667,11343.770000,5.220000,5.220000,0.860202,26.116667,56.408667,69.250000,56.408667,27.586667,95.030000,500
40.623333,47.486667,55.283333,10985.130000,5.920000,5.920000,1.044040,28.286667,62.926000,74.230000,62.926000,28.460000,102.770000,510
49.713333,44.050000,50.773333,10616.810000,5.710000,5.710000,1.137273,25.303333,57.606667,69.290000,57.606667,26.583333,94.823333,520
57.853333,45.026667,49.620000,10532.380000,5.560000,5.560000,1.339798,25.110000,56.445333,70.353333,56.445333,27.286667,94.646667,530
49.733333,44.876667,50.650000,10327.950000,5.770000,5.770000,1.936465,25.313333,59.140667,69.906667,59.140667,25.990000,95.526667,540
40.700000,48.450000,53.433333,11240.050000,5.910000,5.910000,1.577677,27.463333,58.810000,75.826667,58.810000,30.766667,101.883333,550
46.603333,47.563333,52.820000,11889.240000,6.370000,6.370000,2.801111,25.796667,58.206000,76.753333,58.206000,30.126667,100.383333,560
43.196667,49.223333,55.820000,12056.460000,7.150000,7.150000,2.088384,28.560000,64.807333,76.190000,64.807333,28.740000,105.043333,570
42.823333,48.150000,54.860000,12956.410000,6.040000,6.040000,3.877172,26.900000,60.310000,75.850000,60.310000,30.500000,103.010000,580
26.716667,48.090000,54.866667,13271.480000,5.070000,5.070000,1.257677,26.603333,61.236667,76.130000,61.236667,29.800000,102.956667,590
35.150000,45.473333,53.283333,12681.960000,4.950000,4.950000,0.755051,26.013333,59.155333,72.563333,59.155333,28.286667,98.756667,600
53.903333,44.863333,52.280000,12694.570000,5.470000,5.470000,0.574848,25.926667,59.656000,70.863333,59.656000,26.776667,97.143333,610
33.006667,47.406667,52.976667,12415.810000,5.540000,5.540000,0.776162,26.426667,59.825333,73.683333,59.825333,28.970000,100.383333,620
45.463333,44.610000,50.850000,11947.630000,5.050000,5.050000,0.734848,26.456667,59.419333,68.990000,59.419333,25.743333,95.460000,630
37.516667,50.303333,55.796667,12718.380000,5.330000,5.330000,0.930404,28.540000,63.535333,77.233333,63.535333,30.403333,106.100000,640
33.033333,48.990000,55.080000,13161.940000,4.870000,4.870000,0.821313,26.590000,59.797333,79.136667,59.797333,31.623333,104.070000,650
35.113333,49.596667,56.240000,13568.740000,5.140000,5.140000,1.091313,27.243333,63.734000,79.140000,63.734000,30.073333,105.836667,660
22.673333,51.653333,59.033333,14300.030000,5.520000,5.520000,0.696566,28.903333,66.997333,83.076667,66.997333,31.206667,110.686667,670
33.813333,49.703333,56.813333,14414.480000,5.930000,5.930000,0.671818,28.750000,65.100000,77.393333,65.100000,29.583333,106.516667,680
36.283333,49.103333,56.030000,13725.050000,6.230000,6.230000,1.451616,27.713333,64.799333,77.103333,64.799333,28.810000,105.133333,690
31.956667,47.166667,53.653333,12891.100000,6.080000,6.080000,2.579394,26.230000,60.714667,75.216667,60.714667,28.646667,100.820000,700
23.926667,52.236667,58.626667,12047.430000,5.990000,5.990000,2.111010,29.443333,67.220667,81.083333,67.220667,31.173333,110.863333,710
28.603333,50.980000,56.756667,12015.540000,5.500000,5.500000,1.383838,27.436667,63.300667,80.046667,63.300667,31.740000,107.736667,720
33.970000,46.773333,52.923333,12908.250000,5.630000,5.630000,1.003131,24.896667,59.031333,74.520000,59.031333,29.046667,99.696667,730
30.866667,48.013333,55.030000,12558.350000,5.760000,5.760000,1.335758,26.520000,62.415333,76.166667,62.415333,29.020000,103.043333,740
31.180000,49.260000,55.193333,13095.980000,5.150000,5.150000,0.977273,27.823333,62.052000,76.390000,62.052000,30.286667,104.453333,750
41.920000,48.203333,53.333333,11933.650000,5.300000,5.300000,1.000000,26.793333,61.151333,74.316667,61.151333,28.846667,101.536667,760
42.580000,45.400000,50.333333,12757.910000,5.530000,5.530000,0.716263,25.933333,58.516667,69.466667,58.516667,26.583333,95.733333,770
25.896667,50.950000,58.796667,12921.890000,5.300000,5.300000,1.202020,29.106667,68.628667,80.316667,68.628667,29.370000,109.746667,780
46.856667,44.173333,50.740000,13323.400000,5.820000,5.820000,2.270303,24.346667,56.044667,70.280000,56.044667,27.763333,94.913333,790
36.460000,44.873333,51.756667,14064.750000,6.320000,6.320000,2.017778,25.200000,57.906000,71.166667,57.906000,27.660000,96.630000,800
47.303333,46.580000,52.826667,15518.810000,6.230000,6.230000,1.552626,26.983333,59.595333,73.180000,59.595333,28.436667,99.406667,810
37.293333,48.313333,53.803333,13713.630000,6.470000,6.470000,1.645556,26.760000,60.098000,75.096667,60.098000,30.013333,102.116667,820
26.983333,48.463333,56.490000,14315.460000,5.750000,5.750000,2.128788,26.923333,59.444000,77.720000,59.444000,32.506667,104.953333,830
38.856667,49.216667,56.046667,12825.690000,6.410000,6.410000,2.506970,26.153333,57.682000,79.086667,57.682000,33.986667,105.263333,840
47.950000,46.406667,51.720000,11412.920000,7.110000,7.110000,1.553434,26.590000,57.456667,71.110000,57.456667,29.050000,98.126667,850
47.610000,45.996667,51.720000,11163.380000,6.940000,6.940000,2.279192,26.320000,57.578667,71.020000,57.578667,28.670000,97.716667,860
41.593333,50.770000,55.620000,10754.050000,6.540000,6.540000,1.786263,28.256667,59.485333,77.700000,59.485333,33.503333,106.390000,870
49.103333,47.073333,51.403333,10575.720000,6.780000,6.780000,1.466263,25.983333,54.801333,72.103333,54.801333,31.196667,98.476667,880
57.500000,44.800000,48.170000,10705.490000,6.390000,6.390000,0.664545,24.913333,52.995333,67.673333,52.995333,28.553333,92.970000,890
44.753333,53.050000,57.136667,10870.220000,6.720000,6.720000,0.850101,28.790000,59.838000,80.986667,59.838000,35.963333,110.186667,900
42.140000,53.056667,54.770000,10531.190000,6.320000,6.320000,0.664242,27.993333,58.845333,79.530000,58.845333,34.986667,107.826667,910
41.356667,53.036667,54.813333,10449.550000,6.180000,6.180000,0.674343,27.386667,56.451333,80.230000,56.451333,36.713333,107.850000,920
45.153333,54.160000,56.390000,11133.460000,5.890000,5.890000,1.573636,28.103333,61.900000,83.630000,61.900000,34.750000,110.550000,930
52.440000,51.406667,54.203333,12253.570000,6.180000,6.180000,1.381414,26.956667,60.474000,78.336667,60.474000,32.240000,105.610000,940
48.110000,49.496667,53.546667,12212.080000,5.640000,5.640000,1.465051,27.856667,59.657333,74.836667,59.657333,30.990000,103.043333,950
34.613333,50.623333,56.790000,12285.930000,5.220000,5.220000,0.981414,28.383333,65.096000,78.716667,65.096000,30.226667,107.413333,960
36.230000,50.170000,55.536667,12620.560000,4.750000,4.750000,0.674242,27.620000,62.493333,77.760000,62.493333,30.866667,105.706667,970
31.446667,50.363333,56.110000,12667.950000,4.220000,4.220000,0.395556,27.780000,65.761333,78.256667,65.761333,29.080000,106.473333,980
36.356667,49.406667,53.920000,12854.180000,4.220000,4.220000,0.496566,26.006667,59.474000,76.950000,59.474000,31.323333,103.326667,990
41.070000,45.430000,52.513333,13208.520000,4.350000,4.350000,0.613636,25.736667,59.569333,72.076667,59.569333,27.410000,97.943333,1000
23.210000,48.230000,55.290000,13204.820000,4.420000,4.420000,0.549091,26.886667,61.655333,76.353333,61.655333,29.903333,103.520000,1010
28.150000,52.083333,58.370000,14070.180000,5.360000,5.360000,1.121616,29.066667,67.473333,81.036667,67.473333,30.700000,110.453333,1020
40.720000,46.806667,54.143333,14099.160000,5.430000,5.430000,1.520303,26.850000,61.124667,73.756667,61.124667,28.446667,100.950000,1030
41.696667,46.893333,52.810000,13290.800000,5.590000,5.590000,1.234242,26.863333,59.607333,72.520000,59.607333,28.640000,99.703333,1040
42.546667,47.773333,52.973333,13334.910000,5.450000,5.450000,0.512626,26.183333,58.284667,74.550000,58.284667,30.330000,100.746667,1050
37.330000,49.656667,56.730000,13232.270000,5.540000,5.540000,0.776162,26.496667,60.028000,79.623333,60.028000,33.113333,106.386667,1060
40.133333,49.693333,55.386667,13330.360000,5.620000,5.620000,0.864242,27.943333,62.160667,77.140000,62.160667,30.656667,105.080000,1070
30.053333,50.303333,57.013333,14059.160000,5.300000,5.300000,0.717172,27.553333,62.918000,79.596667,62.918000,31.713333,107.316667,1080
32.123333,47.740000,55.350000,13997.070000,4.800000,4.800000,0.909091,26.506667,60.189333,76.190000,60.189333,30.643333,103.090000,1090
36.676667,47.380000,55.003333,13172.910000,4.940000,4.940000,0.339798,26.870000,61.181333,76.380000,61.181333,29.430000,102.383333,1100
49.600000,44.896667,49.960000,13386.940000,5.340000,5.340000,1.196364,25.533333,56.030000,68.943333,56.030000,27.733333,94.856667,1110
40.990000,47.616667,54.680000,13610.470000,5.370000,5.370000,0.599091,27.693333,62.266000,74.210000,62.266000,28.593333,102.296667,1120
39.060000,53.486667,56.236667,14472.750000,5.130000,5.130000,1.265758,28.300000,61.460667,82.680000,61.460667,34.473333,109.723333,1130
39.910000,50.460000,53.336667,13608.820000,4.930000,4.930000,1.439495,26.663333,58.754000,78.393333,58.754000,32.173333,103.796667,1140
55.463333,47.786667,50.570000,12304.160000,4.800000,4.800000,0.828283,26.643333,58.424000,71.370000,58.424000,28.523333,98.356667,1150
39.343333,52.096667,55.620000,12162.690000,4.970000,4.970000,1.100101,27.676667,62.053333,79.706667,62.053333,32.616667,107.716667,1160
38.193333,50.356667,55.683333,11857.290000,5.020000,5.020000,0.706667,28.266667,62.691333,77.573333,62.691333,30.963333,106.040000,1170
35.860000,52.110000,56.203333,11848.470000,5.090000,5.090000,1.557475,28.753333,63.196000,81.446667,63.196000,32.226667,108.313333,1180
27.886667,48.113333,54.386667,11888.120000,4.940000,4.940000,1.067071,27.046667,62.418000,75.543333,62.418000,28.630000,102.500000,1190
41.923333,48.243333,54.436667,11020.880000,4.620000,4.620000,1.025859,26.963333,60.717333,75.413333,60.717333,29.973333,102.680000,1200
47.016667,46.876667,51.710000,10758.720000,4.630000,4.630000,0.538485,26.196667,59.204667,72.090000,59.204667,28.130000,98.586667,1210
34.440000,47.933333,52.443333,10682.420000,4.060000,4.060000,0.299394,25.610000,56.314000,75.020000,56.314000,31.473333,100.376667,1220
32.106667,50.810000,57.383333,11181.860000,4.120000,4.120000,0.187475,28.536667,65.577333,79.336667,65.577333,30.440000,108.193333,1230
39.190000,46.573333,52.183333,12581.840000,4.280000,4.280000,0.547071,24.986667,58.758667,73.433333,58.758667,28.570000,98.756667,1240
34.296667,49.010000,55.823333,12457.780000,4.510000,4.510000,1.040303,28.693333,64.144667,75.860000,64.144667,29.063333,104.833333,1250
53.006667,42.820000,50.073333,12419.490000,4.890000,4.890000,0.886768,24.826667,55.933333,67.783333,55.933333,26.400000,92.893333,1260
33.776667,49.710000,57.953333,12228.160000,4.470000,4.470000,0.675859,28.196667,64.828000,78.966667,64.828000,30.596667,107.663333,1270
50.236667,47.013333,53.380000,12342.740000,4.410000,4.410000,0.567576,26.720000,61.753333,73.143333,61.753333,27.600000,100.393333,1280
42.693333,42.980000,48.686667,12438.800000,4.220000,4.220000,0.577374,23.543333,52.742000,69.426667,52.742000,27.803333,91.666667,1290
61.200000,43.360000,49.506667,12455.450000,4.930000,4.930000,0.813232,23.610000,54.068000,68.866667,54.068000,27.713333,92.866667,1300
48.790000,42.220000,47.910000,11951.570000,4.330000,4.330000,0.465758,23.913333,52.078000,65.796667,52.078000,27.180000,90.130000,1310
37.040000,48.973333,55.983333,11776.040000,4.100000,4.100000,0.252525,28.420000,64.538667,76.206667,64.538667,28.870000,104.956667,1320
32.720000,48.206667,53.776667,12210.330000,4.280000,4.280000,0.526869,27.270000,60.361333,74.386667,60.361333,29.730000,101.983333,1330
28.553333,50.126667,55.470000,11747.040000,4.420000,4.420000,0.488485,27.650000,61.268000,77.630000,61.268000,31.663333,105.596667,1340
39.163333,47.436667,54.163333,11451.400000,4.550000,4.550000,0.553030,27.200000,60.701333,74.073333,60.701333,29.213333,101.600000,1350
34.663333,48.716667,55.720000,11433.960000,4.350000,4.350000,0.330808,27.853333,62.469333,78.290000,62.469333,29.976667,104.436667,1360
38.010000,48.156667,54.346667,12098.190000,4.230000,4.230000,0.360707,27.373333,61.422667,76.170000,61.422667,29.343333,102.503333,1370
50.743333,44.483333,50.993333,11946.380000,4.280000,4.280000,0.587475,25.483333,59.902667,69.673333,59.902667,25.410000,95.476667,1380
28.283333,48.363333,56.066667,12082.410000,4.200000,4.200000,0.424242,25.640000,60.129333,78.453333,60.129333,31.643333,104.430000,1390
31.183333,47.096667,53.876667,11562.740000,4.170000,4.170000,0.425354,26.013333,58.296667,74.770000,58.296667,30.483333,100.973333,1400
35.930000,47.343333,56.060000,12069.440000,4.210000,4.210000,0.430202,27.320000,62.696000,77.496667,62.696000,29.076667,103.403333,1410
35.630000,51.273333,56.006667,11551.960000,4.240000,4.240000,0.305455,27.913333,63.880000,79.666667,63.880000,31.000000,107.280000,1420
33.576667,47.106667,52.766667,11495.540000,4.330000,4.330000,0.708182,26.366667,60.388667,73.186667,60.388667,28.203333,99.873333,1430
45.443333,44.500000,51.086667,11030.540000,4.460000,4.460000,0.978182,23.970000,56.312000,71.200000,56.312000,28.053333,95.586667,1440
45.006667,43.460000,50.933333,11229.700000,4.320000,4.320000,0.644040,25.443333,58.772667,69.250000,58.772667,25.443333,94.393333,1450
37.673333,46.523333,53.176667,11111.810000,4.600000,4.600000,1.050505,26.806667,58.134000,74.463333,58.134000,29.690000,99.700000,1460
40.996667,46.286667,53.560000,10924.330000,4.350000,4.350000,0.431818,26.376667,59.405333,73.126667,59.405333,28.886667,99.846667,1470
32.340000,47.230000,54.300000,10019.030000,4.320000,4.320000,0.644040,26.580000,60.939333,74.646667,60.939333,28.993333,101.530000,1480
24.703333,49.220000,56.690000,10153.460000,4.770000,4.770000,1.067778,28.023333,64.348667,77.663333,64.348667,29.686667,105.910000,1490
44.200000,44.153333,51.546667,10545.750000,4.210000,4.210000,0.470606,25.080000,58.301333,70.206667,58.301333,26.713333,95.700000,1500
29.536667,49.656667,56.810000,10004.190000,4.470000,4.470000,1.059697,27.313333,63.164667,78.826667,63.164667,30.930000,106.466667,1510
41.940000,44.743333,51.206667,10076.820000,5.090000,5.090000,1.900909,24.620000,57.076667,70.973333,57.076667,27.766667,95.950000,1520
45.706667,44.260000,51.566667,9935.510000,5.820000,5.820000,2.229899,25.280000,56.715333,70.146667,56.715333,27.936667,95.826667,1530
43.000000,47.226667,53.170000,11197.480000,5.030000,5.030000,0.655657,26.926667,62.246667,73.066667,62.246667,27.250000,100.396667,1540
52.276667,44.760000,50.103333,11419.410000,5.340000,5.340000,1.438788,25.723333,57.525333,70.780000,57.525333,26.670000,94.863333,1550
46.233333,48.323333,54.766667,11968.210000,5.290000,5.290000,1.016061,27.276667,62.938000,75.413333,62.938000,28.680000,103.090000,1560
47.013333,44.530000,51.710000,11463.880000,5.130000,5.130000,1.831414,25.933333,58.948667,71.863333,58.948667,26.636667,96.240000,1570
46.460000,47.193333,53.123333,12910.070000,4.210000,4.210000,0.551414,26.896667,60.794667,73.086667,60.794667,28.230000,100.316667,1580
45.756667,46.156667,51.426667,11566.920000,4.100000,4.100000,0.353535,26.013333,61.608000,75.403333,61.608000,25.696667,97.583333,1590
39.986667,46.690000,53.373333,10565.550000,4.500000,4.500000,0.575758,25.906667,59.519333,73.693333,59.519333,28.960000,100.063333,1600
34.136667,47.346667,55.516667,11336.800000,4.830000,4.830000,0.566768,27.530000,62.324000,74.926667,62.324000,28.956667,102.863333,1610
28.843333,45.863333,52.103333,11159.180000,4.650000,4.650000,0.795455,25.363333,58.780667,73.126667,58.780667,27.990000,97.966667,1620
36.340000,47.503333,52.570000,10346.140000,4.460000,4.460000,0.654949,26.360000,60.444000,75.946667,60.444000,28.306667,100.073333,1630
42.136667,44.606667,50.663333,10333.960000,5.150000,5.150000,0.431818,26.053333,58.398667,72.946667,58.398667,26.336667,95.270000,1640
37.073333,50.743333,55.206667,10148.300000,5.290000,5.290000,0.430202,28.170000,62.708667,83.213333,62.708667,30.886667,105.950000,1650
48.333333,49.810000,51.866667,10598.900000,5.680000,5.680000,0.684444,27.133333,56.914000,77.850000,56.914000,31.973333,101.676667,1660
55.483333,51.580000,51.723333,10597.310000,5.640000,5.640000,1.283232,27.063333,56.767333,77.910000,56.767333,33.240000,103.303333,1670
45.590000,53.760000,55.620000,10954.940000,5.700000,5.700000,1.101010,26.800000,57.594000,82.200000,57.594000,36.990000,109.380000,1680
49.566667,49.556667,53.100000,11201.640000,5.290000,5.290000,0.955455,26.243333,52.312667,76.343333,52.312667,35.960000,102.656667,1690
56.146667,47.503333,48.026667,11061.310000,6.300000,6.300000,1.949495,26.806667,54.426000,72.513333,54.426000,29.360000,95.530000,1700
44.690000,49.293333,53.493333,11075.160000,5.990000,5.990000,2.797879,27.930000,59.022667,75.773333,59.022667,31.260000,102.786667,1710
33.613333,59.016667,58.466667,10791.470000,6.370000,6.370000,2.094040,30.030000,61.315333,89.326667,61.315333,40.120000,117.483333,1720
16.443333,66.170000,63.626667,11103.270000,5.150000,5.150000,1.462121,29.283333,59.745333,101.926667,59.745333,50.036667,129.796667,1730
40.086667,58.980000,57.753333,11319.650000,5.510000,5.510000,1.888788,27.900000,58.442000,89.566667,58.442000,41.636667,116.733333,1740
26.316667,55.533333,57.513333,10866.060000,5.540000,5.540000,1.543838,27.430000,58.773333,86.646667,58.773333,38.766667,113.046667,1750
21.666667,60.033333,61.010000,10702.700000,5.240000,5.240000,0.810505,28.716667,62.318000,92.173333,62.318000,41.946667,121.043333,1760
39.790000,51.803333,54.166667,10050.290000,5.110000,5.110000,0.886768,26.426667,54.893333,83.370000,54.893333,36.483333,105.970000,1770
21.223333,58.290000,58.743333,10581.560000,4.540000,4.540000,1.180202,28.570000,59.194667,95.630000,59.194667,41.313333,117.033333,1780
33.550000,56.250000,55.990000,9995.930000,4.660000,4.660000,1.438788,26.946667,55.544667,85.053333,55.544667,40.496667,112.240000,1790
29.053333,62.330000,60.096667,10105.560000,4.010000,4.010000,1.403939,28.486667,58.488667,94.206667,58.488667,45.670000,122.426667,1800
27.170000,64.203333,62.476667,10288.520000,4.130000,4.130000,1.407172,29.283333,60.828667,97.943333,60.828667,47.036667,126.680000,1810
10.823333,63.476667,60.643333,10643.770000,4.540000,4.540000,2.210505,28.650000,59.071333,101.840000,59.071333,46.463333,124.120000,1820
35.113333,61.480000,61.276667,10274.960000,4.680000,4.680000,1.189495,28.073333,56.737333,96.313333,56.737333,47.156667,122.756667,1830
14.580000,65.256667,61.870000,10370.760000,4.280000,4.280000,0.789495,28.333333,57.784667,102.683333,57.784667,49.530000,127.126667,1840
21.096667,68.383333,64.710000,10645.700000,4.770000,4.770000,0.784949,29.930000,59.140667,104.000000,59.140667,52.823333,133.093333,1850
16.423333,64.276667,63.026667,10461.020000,4.960000,4.960000,0.806465,28.900000,57.378000,99.900000,57.378000,49.946667,127.303333,1860
25.563333,64.323333,63.010000,10543.920000,4.760000,4.760000,0.689293,28.940000,59.895333,98.076667,59.895333,48.170000,127.333333,1870
21.623333,59.423333,62.220000,9449.660000,4.490000,4.490000,0.717071,28.866667,63.356667,93.896667,63.356667,41.633333,121.643333,1880
18.810000,50.766667,59.106667,8621.920000,4.230000,4.230000,0.582929,27.280000,62.413333,82.500000,62.413333,33.900000,109.873333,1890
37.326667,50.173333,55.420000,9300.210000,4.490000,4.490000,1.343333,25.573333,57.312000,79.753333,57.312000,34.486667,105.593333,1900
29.970000,49.893333,56.093333,9324.300000,4.890000,4.890000,0.704949,27.283333,61.312667,79.880000,61.312667,31.910000,105.986667,1910
58.606667,43.226667,49.270000,9351.900000,4.890000,4.890000,0.401919,25.043333,57.114000,67.116667,57.114000,25.273333,92.496667,1920
48.436667,46.910000,53.676667,9644.300000,5.290000,5.290000,1.702929,26.350000,59.795333,73.816667,59.795333,29.136667,100.586667,1930
35.973333,48.706667,54.956667,8856.350000,4.760000,4.760000,0.951919,27.103333,61.374000,76.260000,61.374000,30.206667,103.663333,1940
42.313333,49.263333,54.563333,8917.410000,5.060000,5.060000,2.016566,27.166667,61.388000,76.300000,61.388000,30.313333,103.826667,1950
26.563333,48.763333,54.610000,8258.640000,4.940000,4.940000,1.471111,26.590000,62.246000,79.180000,62.246000,29.376667,103.373333,1960
33.990000,50.243333,55.686667,8296.730000,4.480000,4.480000,0.757172,26.503333,61.830000,80.400000,61.830000,31.500000,105.930000,1970
35.676667,49.773333,54.846667,7620.030000,4.770000,4.770000,1.047576,27.486667,63.847333,76.730000,63.847333,29.123333,104.620000,1980
30.986667,51.473333,57.293333,8016.380000,5.200000,5.200000,0.989899,28.180000,65.894000,80.223333,65.894000,30.623333,108.766667,1990
37.210000,50.110000,54.693333,7737.510000,5.760000,5.760000,0.871111,28.256667,62.878000,77.880000,62.878000,29.946667,104.803333,2000
28.656667,51.230000,59.003333,7220.660000,6.140000,6.140000,0.747879,27.750000,64.859333,82.116667,64.859333,32.410000,110.233333,2010
38.803333,48.473333,52.330000,6988.780000,6.080000,6.080000,1.508687,26.550000,60.520667,76.020000,60.520667,28.773333,100.803333,2020
30.793333,48.843333,55.020000,7053.670000,6.070000,6.070000,1.924343,27.326667,63.748667,76.276667,63.748667,28.653333,103.863333,2030
38.333333,48.470000,54.840000,6893.020000,5.620000,5.620000,1.854141,26.500000,62.215333,78.240000,62.215333,29.353333,103.310000,2040
33.080000,51.576667,56.750000,6584.690000,5.050000,5.050000,2.330808,28.450000,64.525333,80.953333,64.525333,31.286667,108.326667,2050
21.500000,53.583333,58.703333,6666.070000,4.290000,4.290000,0.591818,29.243333,65.886000,82.720000,65.886000,33.143333,112.286667,2060
33.546667,50.636667,55.410000,6953.840000,4.320000,4.320000,0.341010,27.396667,61.186000,78.356667,61.186000,32.043333,106.046667,2070
28.463333,49.336667,54.220000,6924.510000,4.450000,4.450000,0.613636,27.603333,62.074667,79.083333,62.074667,29.630000,103.556667,2080
27.536667,51.383333,55.570000,7788.840000,4.880000,4.880000,0.793535,28.153333,64.421333,78.423333,64.421333,30.380000,106.953333,2090
25.516667,46.360000,52.016667,7693.460000,4.870000,4.870000,0.942525,25.883333,58.070667,73.153333,58.070667,28.790000,98.376667,2100
36.246667,49.000000,52.440000,6893.970000,4.520000,4.520000,0.736970,26.933333,62.034667,74.646667,62.034667,28.146667,101.440000,2110
37.586667,49.566667,55.543333,6019.940000,4.360000,4.360000,0.636768,26.690000,61.976000,78.066667,61.976000,30.810000,105.110000,2120
26.863333,52.143333,58.143333,5094.000000,4.180000,4.180000,0.492525,28.996667,67.614667,81.013333,67.614667,30.480000,110.286667,2130
36.156667,46.926667,52.630000,5108.630000,4.270000,4.270000,0.663737,24.770000,56.931333,74.510000,56.931333,30.446667,99.556667,2140
21.133333,53.673333,61.103333,5044.180000,4.020000,4.020000,0.100606,29.026667,68.287333,85.523333,68.287333,33.206667,114.776667,2150
27.696667,52.653333,59.313333,5448.840000,4.260000,4.260000,0.497374,28.343333,65.575333,83.893333,65.575333,33.136667,111.966667,2160
28.736667,49.013333,55.000000,5566.020000,4.280000,4.280000,0.486465,26.590000,59.708000,77.986667,59.708000,31.646667,104.013333,2170
20.686667,51.280000,57.586667,5635.190000,4.310000,4.310000,0.680707,27.816667,65.662667,80.776667,65.662667,30.860000,108.866667,2180
27.303333,52.420000,58.170000,5766.330000,5.000000,5.000000,2.383838,27.263333,63.363333,84.540000,63.363333,33.733333,110.590000,2190
24.433333,53.953333,58.863333,6070.360000,5.210000,5.210000,2.086768,29.533333,67.428667,83.386667,67.428667,32.420000,112.816667,2200
29.783333,52.353333,57.500000,6509.180000,4.400000,4.400000,0.323232,27.930000,64.824667,81.660000,64.824667,32.163333,109.853333,2210
31.430000,49.630000,56.563333,6268.000000,4.430000,4.430000,0.530404,27.400000,62.966000,78.576667,62.966000,30.876667,106.193333,2220
23.003333,51.696667,55.530000,5909.820000,4.500000,4.500000,0.393939,27.073333,63.556000,80.150000,63.556000,31.193333,107.226667,2230
29.770000,47.946667,54.570000,5713.830000,4.470000,4.470000,0.534444,27.156667,61.804667,75.653333,61.804667,29.080000,102.516667,2240
24.730000,52.483333,57.733333,5552.400000,4.780000,4.780000,0.799596,28.226667,66.728000,82.130000,66.728000,31.063333,110.216667,2250
29.743333,52.513333,57.856667,6200.840000,5.550000,5.550000,1.744949,29.190000,66.960667,81.163333,66.960667,31.006667,110.370000,2260
40.003333,49.796667,53.336667,6670.840000,5.720000,5.720000,1.577374,27.420000,60.862667,75.580000,60.862667,30.193333,103.133333,2270
32.760000,51.623333,55.673333,7125.090000,5.850000,5.850000,1.522727,28.300000,60.751333,78.963333,60.751333,33.246667,107.296667,2280
43.230000,52.516667,54.326667,8260.290000,6.510000,6.510000,2.454444,28.633333,59.318000,78.660000,59.318000,33.946667,106.843333,2290
46.853333,53.650000,56.403333,8443.740000,6.940000,6.940000,2.157980,28.263333,58.113333,82.550000,58.113333,37.100000,110.053333,2300
48.060000,53.433333,54.686667,8527.160000,7.130000,7.130000,1.568788,28.420000,58.952000,79.656667,58.952000,35.120000,108.120000,2310
46.800000,53.003333,54.473333,8762.800000,6.750000,6.750000,2.876263,28.160000,57.380000,80.880000,57.380000,35.783333,107.476667,2320
47.320000,54.396667,55.223333,8609.980000,7.010000,7.010000,3.060505,28.566667,59.145333,81.013333,59.145333,36.053333,109.620000,2330
51.376667,55.026667,55.003333,8679.370000,5.880000,5.880000,0.995556,29.486667,60.871333,81.233333,60.871333,35.113333,110.030000,2340
32.356667,54.290000,55.293333,9139.700000,5.500000,5.500000,0.939394,28.503333,60.182000,81.093333,60.182000,35.286667,109.583333,2350
35.773333,54.936667,56.776667,9370.580000,6.150000,6.150000,0.876263,29.156667,57.225333,82.406667,57.225333,38.920000,111.713333,2360
38.130000,55.863333,55.186667,9495.380000,5.900000,5.900000,1.242424,28.666667,59.530000,82.343333,59.530000,36.800000,111.050000,2370
44.023333,54.106667,53.756667,10061.830000,6.080000,6.080000,1.872323,26.880000,57.132000,80.913333,57.132000,36.236667,107.863333,2380
45.703333,54.146667,56.166667,10395.360000,5.640000,5.640000,1.101414,28.656667,59.782667,81.646667,59.782667,36.093333,110.313333,2390
41.880000,54.783333,55.286667,10669.610000,5.870000,5.870000,2.073838,28.973333,59.152000,81.106667,59.152000,36.370000,110.070000,2400
38.843333,54.290000,57.013333,10805.980000,6.240000,6.240000,2.568081,29.250000,58.542000,82.526667,58.542000,37.686667,111.303333,2410
36.263333,56.010000,57.576667,10952.220000,6.470000,6.470000,1.625354,26.223333,57.283333,87.493333,57.283333,40.216667,113.586667,2420
43.656667,52.856667,54.290000,11120.650000,6.830000,6.830000,1.799091,28.016667,57.745333,79.200000,57.745333,35.286667,107.146667,2430
37.073333,52.436667,55.266667,11118.620000,6.430000,6.430000,2.166768,27.800000,57.499333,80.240000,57.499333,35.860000,107.703333,2440
30.503333,50.476667,53.756667,10879.270000,5.530000,5.530000,0.877879,27.516667,55.630000,76.973333,55.630000,34.716667,104.233333,2450
31.396667,51.726667,54.806667,10460.260000,5.860000,5.860000,1.454949,27.500000,54.178000,79.190000,54.178000,37.396667,106.533333,2460
46.003333,48.590000,52.063333,10219.620000,5.820000,5.820000,2.108687,26.913333,53.114000,76.186667,53.114000,33.956667,100.653333,2470
32.723333,54.086667,54.570000,10389.270000,5.270000,5.270000,0.906162,27.726667,58.415333,81.320000,58.415333,35.886667,108.656667,2480
38.823333,52.590000,53.880000,10267.070000,5.180000,5.180000,0.835960,28.366667,58.114000,77.720000,58.114000,34.540000,106.470000,2490
31.000000,57.176667,58.100000,10979.750000,4.720000,4.720000,0.324848,30.580000,63.042667,84.203333,63.042667,37.310000,115.276667,2500
36.870000,54.926667,57.023333,11250.300000,4.880000,4.880000,1.035960,28.650000,59.347333,82.743333,59.347333,37.573333,111.950000,2510
41.260000,55.580000,54.973333,11541.250000,5.130000,5.130000,0.861717,28.863333,61.040000,81.283333,61.040000,35.366667,110.553333,2520
35.743333,55.180000,56.626667,11980.400000,5.130000,5.130000,0.942525,29.720000,61.341333,81.763333,61.341333,36.046667,111.806667,2530
40.880000,57.633333,57.520000,12071.030000,5.110000,5.110000,1.210000,29.663333,63.838667,85.156667,63.838667,36.653333,115.153333,2540
37.326667,51.123333,53.276667,12178.730000,5.440000,5.440000,1.400404,27.453333,58.321333,76.640000,58.321333,32.913333,104.400000,2550
56.573333,47.573333,48.690000,12106.780000,5.170000,5.170000,1.778889,24.906667,50.968667,71.053333,50.968667,32.353333,96.263333,2560
40.640000,54.066667,55.993333,10908.690000,4.870000,4.870000,0.881919,29.183333,60.770667,81.266667,60.770667,35.206667,110.060000,2570
44.696667,53.550000,54.403333,10195.070000,4.960000,4.960000,1.048889,28.560000,60.936667,79.170000,60.936667,33.583333,107.953333,2580
40.903333,54.103333,57.363333,8964.790000,5.720000,5.720000,1.173333,29.290000,63.969333,81.940000,63.969333,33.926667,111.466667,2590
35.873333,51.560000,54.970000,8301.770000,6.850000,6.850000,2.229798,28.503333,63.307333,77.743333,63.307333,30.873333,106.530000,2600
34.596667,56.166667,57.806667,8337.470000,6.850000,6.850000,1.563131,30.116667,64.679333,83.606667,64.679333,35.210000,113.973333,2610
44.066667,51.910000,55.473333,9216.950000,6.500000,6.500000,3.686869,28.643333,59.802000,78.393333,59.802000,33.986667,107.383333,2620
35.903333,53.126667,52.986667,10219.300000,5.550000,5.550000,1.260101,26.280000,55.438000,79.620000,55.438000,36.196667,106.113333,2630
44.480000,54.866667,56.506667,10656.540000,5.810000,5.810000,2.317071,29.150000,60.413333,81.926667,60.413333,36.400000,111.373333,2640
48.216667,51.793333,53.396667,9867.640000,5.830000,5.830000,1.536465,27.563333,56.978667,78.053333,56.978667,34.436667,105.190000,2650
49.156667,53.336667,54.183333,10611.050000,5.260000,5.260000,0.982222,28.180000,59.406667,79.120000,59.406667,34.366667,107.520000,2660
37.130000,55.736667,57.423333,10602.780000,5.330000,5.330000,0.950606,29.426667,60.146667,83.730000,60.146667,37.866667,113.160000,2670
31.440000,59.523333,59.376667,11055.240000,5.470000,5.470000,0.736465,30.703333,64.029333,87.793333,64.029333,39.193333,118.900000,2680
37.513333,55.756667,54.803333,9915.190000,5.260000,5.260000,0.638788,29.663333,59.110000,82.026667,59.110000,36.750000,110.560000,2690
43.700000,54.470000,55.036667,10888.890000,5.660000,5.660000,0.852929,28.663333,58.588667,81.226667,58.588667,36.370000,109.506667,2700
36.350000,57.040000,56.420000,10965.740000,5.130000,5.130000,1.124343,27.110000,57.758667,86.023333,57.758667,39.786667,113.460000,2710
61.646667,51.003333,49.766667,11129.360000,5.690000,5.690000,1.892828,26.913333,55.662000,73.500000,55.662000,32.220000,100.770000,2720
61.800000,50.186667,50.083333,11183.450000,5.130000,5.130000,1.548586,25.473333,53.318667,74.376667,53.318667,33.536667,100.270000,2730
50.793333,54.196667,54.263333,10926.720000,5.300000,5.300000,1.747475,29.220000,60.976667,79.880000,60.976667,33.916667,108.460000,2740
35.320000,58.360000,58.520000,10009.640000,5.810000,5.810000,2.458485,31.080000,65.164000,85.376667,65.164000,36.940000,116.880000,2750
44.306667,52.403333,53.146667,11036.170000,6.040000,6.040000,2.402424,27.850000,57.819333,77.953333,57.819333,34.093333,105.550000,2760
39.180000,55.336667,55.090000,11970.850000,6.890000,6.890000,3.210000,28.906667,60.806000,81.076667,60.806000,35.443333,110.426667,2770
46.516667,54.510000,56.176667,10400.230000,7.710000,7.710000,3.096869,28.996667,61.644667,81.406667,61.644667,35.030000,110.686667,2780
42.936667,50.440000,52.596667,11442.360000,7.390000,7.390000,4.805960,26.920000,56.472667,75.706667,56.472667,33.260000,103.036667,2790
40.936667,49.736667,52.370000,11114.300000,6.550000,6.550000,3.946970,27.356667,57.703333,74.353333,57.703333,31.716667,102.106667,2800
35.880000,53.376667,54.750000,11294.820000,6.050000,6.050000,3.098485,28.953333,60.144000,78.723333,60.144000,34.273333,108.126667,2810
35.126667,56.680000,56.650000,12112.270000,6.030000,6.030000,2.352626,29.286667,61.866000,84.180000,61.866000,36.760000,113.330000,2820
34.220000,52.663333,55.190000,10229.240000,6.840000,6.840000,2.762020,28.303333,60.048000,81.130000,60.048000,34.146667,107.853333,2830
35.266667,52.066667,55.016667,9878.480000,6.600000,6.600000,1.535354,28.326667,62.087333,78.870000,62.087333,32.140000,107.083333,2840
31.670000,49.913333,52.953333,8972.060000,6.780000,6.780000,1.688485,27.666667,63.228000,75.093333,63.228000,28.313333,102.866667,2850
31.176667,51.543333,55.296667,9376.300000,6.130000,6.130000,0.881919,29.010000,64.065333,77.723333,64.065333,30.553333,106.840000,2860
35.456667,52.673333,56.410000,8961.670000,5.840000,5.840000,0.863030,29.273333,66.252667,79.540000,66.252667,30.593333,109.083333,2870
40.400000,53.490000,55.830000,9122.450000,6.220000,6.220000,1.264242,29.470000,65.486000,79.500000,65.486000,31.310000,109.320000,2880
39.823333,53.030000,55.810000,9237.720000,6.080000,6.080000,1.448081,29.230000,66.490000,79.223333,66.490000,30.250000,108.840000,2890
31.373333,50.090000,54.503333,9669.480000,6.470000,6.470000,1.625354,28.170000,62.266667,76.056667,62.266667,30.233333,104.593333,2900
39.656667,52.546667,58.163333,10056.100000,5.960000,5.960000,1.331717,30.026667,65.924000,81.160000,65.924000,31.990000,110.710000,2910
27.556667,49.446667,53.213333,10422.620000,5.810000,5.810000,1.549394,27.883333,64.304667,74.473333,64.304667,27.396667,102.660000,2920
37.050000,49.916667,55.030000,10719.930000,5.540000,5.540000,1.584242,28.726667,63.432000,76.913333,63.432000,29.653333,104.946667,2930
38.386667,52.890000,56.830000,11005.980000,4.960000,4.960000,1.372121,29.736667,67.584667,81.006667,67.584667,30.096667,109.720000,2940
28.926667,51.503333,55.263333,10751.130000,4.370000,4.370000,0.942525,29.340000,67.851333,81.253333,67.851333,27.796667,106.766667,2950
34.416667,50.720000,54.856667,10179.020000,4.100000,4.100000,1.343434,28.846667,67.170000,76.833333,67.170000,27.433333,105.576667,2960
27.776667,51.810000,56.423333,10234.260000,4.100000,4.100000,1.626263,29.356667,69.593333,78.626667,69.593333,27.600000,108.233333,2970
45.093333,48.320000,51.650000,10582.770000,4.050000,4.050000,0.856061,27.690000,64.676000,72.336667,64.676000,25.210000,99.970000,2980
42.013333,47.693333,52.640000,10653.140000,4.250000,4.250000,1.522727,28.136667,61.800667,73.830000,61.800667,27.523333,100.333333,2990
43.820000,44.650000,50.480000,11080.830000,4.090000,4.090000,1.133232,25.956667,57.680000,70.176667,57.680000,26.750000,95.130000,3000
37.243333,53.003333,57.730000,11106.370000,3.720000,3.720000,0.688485,30.503333,69.825333,79.860000,69.825333,29.220000,110.733333,3010
37.303333,50.856667,55.073333,10680.020000,3.450000,3.450000,0.371212,29.000000,67.672667,76.640000,67.672667,27.326667,105.930000,3020
32.976667,48.326667,52.490000,11653.490000,3.590000,3.590000,0.385758,27.966667,64.804000,72.633333,64.804000,25.723333,100.816667,3030
45.016667,44.826667,49.866667,11681.120000,3.810000,3.810000,0.963535,25.610000,59.534667,68.740000,59.534667,25.113333,94.693333,3040
28.476667,50.590000,53.886667,11774.830000,4.140000,4.140000,1.192323,28.710000,66.910000,75.476667,66.910000,26.833333,104.476667,3050
25.700000,54.270000,60.483333,12636.290000,4.170000,4.170000,1.051616,30.656667,71.320667,83.853333,71.320667,31.023333,114.753333,3060
30.586667,55.150000,58.776667,12817.840000,4.380000,4.380000,2.136970,31.106667,70.480000,83.920000,70.480000,31.033333,113.926667,3070
39.323333,49.206667,53.546667,11414.520000,4.050000,4.050000,2.088384,28.250000,66.040667,76.290000,66.040667,26.223333,102.753333,3080
32.813333,49.613333,55.733333,11154.330000,3.830000,3.830000,0.647576,28.743333,65.330000,76.370000,65.330000,28.583333,105.346667,3090
26.123333,52.230000,59.653333,10578.590000,3.650000,3.650000,0.775253,30.103333,71.680000,82.210000,71.680000,28.716667,111.883333,3100
33.716667,50.130000,56.956667,10595.530000,3.750000,3.750000,0.674242,28.616667,64.965333,78.106667,64.965333,30.086667,107.086667,3110
34.046667,48.273333,52.640000,10583.770000,3.760000,3.760000,1.234747,27.793333,65.082667,72.776667,65.082667,25.593333,100.913333,3120
37.673333,49.826667,54.560000,10505.920000,3.690000,3.690000,0.397879,28.410000,66.661333,75.843333,66.661333,26.946667,104.386667,3130
29.680000,51.240000,55.450000,10524.160000,3.660000,3.660000,0.691313,29.100000,67.532000,77.310000,67.532000,27.970000,106.690000,3140
34.330000,50.890000,55.143333,10757.300000,3.650000,3.650000,0.815657,28.876667,64.966667,77.960000,64.966667,29.333333,106.033333,3150
27.606667,52.640000,58.516667,10801.880000,3.320000,3.320000,0.563232,29.970000,70.276667,80.850000,70.276667,29.200000,111.156667,3160
31.963333,48.130000,52.140000,11773.020000,3.330000,3.330000,0.445556,26.816667,62.628667,73.173333,62.628667,26.886667,100.270000,3170
34.683333,48.266667,53.083333,11795.270000,3.880000,3.880000,1.217778,27.926667,64.110000,73.016667,64.110000,26.600000,101.350000,3180
34.863333,50.186667,56.590000,11918.730000,4.410000,4.410000,3.476667,29.203333,69.084000,77.326667,69.084000,26.923333,106.776667,3190
28.126667,52.083333,57.433333,12420.530000,4.810000,4.810000,5.024141,29.523333,67.535333,79.673333,67.535333,29.986667,109.516667,3200
37.933333,50.663333,55.026667,12575.220000,4.160000,4.160000,3.166061,29.140000,64.245333,76.583333,64.245333,29.603333,105.690000,3210
35.023333,45.680000,50.196667,13481.700000,3.070000,3.070000,0.207172,26.356667,60.503333,69.646667,60.503333,25.266667,95.876667,3220
38.450000,47.553333,51.766667,13457.960000,3.020000,3.020000,0.181414,27.473333,64.343333,72.900000,64.343333,24.983333,99.320000,3230
36.176667,48.960000,52.363333,14755.600000,3.190000,3.190000,0.377677,27.806667,64.923333,73.220000,64.923333,26.000000,101.323333,3240
38.440000,49.693333,54.023333,14415.640000,3.200000,3.200000,0.343434,28.150000,64.722000,76.620000,64.722000,27.853333,103.716667,3250
32.183333,52.223333,56.050000,15249.660000,3.290000,3.290000,0.308990,29.720000,69.474667,78.253333,69.474667,27.713333,108.273333,3260
37.276667,49.503333,54.943333,14445.930000,3.650000,3.650000,0.593434,28.336667,65.867333,75.816667,65.867333,27.556667,104.446667,3270
29.350000,52.053333,57.590000,14297.810000,3.670000,3.670000,0.526364,29.753333,69.808667,79.640000,69.808667,28.453333,109.643333,3280
45.396667,47.340000,51.636667,13790.480000,3.330000,3.330000,0.465758,27.140000,64.200667,71.983333,64.200667,24.840000,98.976667,3290
28.536667,48.680000,56.090000,14146.940000,3.440000,3.440000,0.531717,27.850000,62.359333,77.860000,62.359333,30.293333,104.770000,3300
34.230000,50.430000,55.073333,12813.630000,3.630000,3.630000,0.659697,29.053333,67.437333,76.893333,67.437333,27.190000,105.503333,3310
36.750000,53.983333,59.533333,12035.400000,3.510000,3.510000,0.474646,31.006667,69.407333,82.163333,69.407333,31.506667,113.516667,3320
39.870000,49.920000,54.600000,12724.870000,3.700000,3.700000,0.696970,28.270000,64.307333,77.076667,64.307333,28.723333,104.520000,3330
38.760000,50.346667,55.053333,11713.030000,3.590000,3.590000,0.810000,29.316667,65.705333,75.973333,65.705333,28.353333,105.400000,3340
47.873333,46.816667,50.843333,10815.620000,3.250000,3.250000,0.573232,26.906667,61.852667,70.970000,61.852667,25.576667,97.660000,3350
29.166667,50.790000,55.420000,10966.870000,3.490000,3.490000,0.474646,28.940000,65.642667,77.040000,65.642667,28.976667,106.210000,3360
30.286667,50.120000,54.286667,10718.990000,3.710000,3.710000,0.632222,28.473333,62.714667,76.036667,62.714667,29.780000,104.406667,3370
30.680000,52.780000,56.936667,11122.670000,3.910000,3.910000,1.335253,29.370000,66.643333,80.013333,66.643333,30.766667,109.716667,3380
35.240000,54.246667,58.790000,11114.080000,3.700000,3.700000,1.040404,30.503333,69.352000,83.046667,69.352000,31.203333,113.036667,3390
46.580000,50.313333,52.886667,10707.690000,3.710000,3.710000,0.470606,28.426667,64.270667,74.486667,64.270667,27.806667,103.200000,3400
32.500000,52.200000,57.826667,10942.500000,3.410000,3.410000,0.405960,29.360000,65.670000,80.410000,65.670000,31.683333,110.026667,3410
32.860000,53.286667,56.063333,10282.090000,3.350000,3.350000,0.371212,30.203333,69.944667,78.836667,69.944667,28.146667,109.350000,3420
44.610000,49.456667,52.473333,10164.500000,3.760000,3.760000,0.951919,28.583333,64.900000,73.940000,64.900000,26.450000,101.930000,3430
33.650000,50.666667,55.460000,10260.630000,3.680000,3.680000,0.846061,29.063333,64.812667,77.440000,64.812667,29.510000,106.126667,3440
35.246667,53.216667,56.210000,9130.260000,3.770000,3.770000,1.249596,30.156667,70.208000,81.056667,70.208000,28.013333,109.426667,3450
27.320000,49.886667,54.583333,9819.400000,3.430000,3.430000,0.732424,28.880000,67.365333,77.626667,67.365333,26.503333,104.470000,3460
40.313333,45.176667,48.986667,8701.240000,3.340000,3.340000,0.448889,25.576667,59.196000,69.356667,59.196000,24.976667,94.163333,3470
27.850000,50.643333,57.043333,9184.680000,3.660000,3.660000,0.731717,29.473333,68.435333,78.523333,68.435333,28.036667,107.686667,3480
28.303333,51.253333,57.476667,8902.830000,3.850000,3.850000,1.037879,29.353333,65.484000,79.153333,65.484000,30.890000,108.730000,3490
37.590000,49.303333,53.050000,8807.850000,3.580000,3.580000,0.609697,28.153333,64.292000,75.760000,64.292000,27.186667,102.353333,3500
33.423333,53.040000,57.196667,7774.000000,3.840000,3.840000,0.923636,30.133333,67.802667,79.793333,67.802667,30.310000,110.236667,3510
29.813333,51.946667,56.583333,7719.040000,4.090000,4.090000,1.436263,29.950000,68.340667,78.306667,68.340667,28.706667,108.530000,3520
26.470000,52.016667,57.573333,7998.060000,4.210000,4.210000,2.086768,29.006667,65.308000,80.323333,65.308000,31.630000,109.590000,3530
46.203333,50.003333,53.256667,7601.780000,4.090000,4.090000,0.648384,28.386667,63.766000,75.810000,63.766000,28.210000,103.260000,3540
26.536667,55.883333,59.090000,8198.490000,4.290000,4.290000,1.662525,31.183333,70.467333,86.173333,70.467333,31.790000,114.973333,3550
37.173333,49.423333,55.516667,9309.970000,4.290000,4.290000,1.824141,28.730000,63.990000,77.360000,63.990000,29.250000,104.940000,3560
37.870000,50.813333,54.613333,9634.360000,3.650000,3.650000,0.532828,28.966667,67.258000,76.690000,67.258000,27.263333,105.426667,3570
40.826667,50.133333,54.310000,9506.480000,3.590000,3.590000,0.466566,29.000000,65.481333,78.396667,65.481333,27.830000,104.443333,3580
38.736667,50.416667,53.353333,9793.520000,4.000000,4.000000,0.888889,28.353333,65.111333,75.833333,65.111333,27.613333,103.770000,3590
36.746667,47.576667,53.630000,8673.460000,4.150000,4.150000,0.775253,27.990000,64.676000,75.796667,64.676000,26.093333,101.206667,3600
30.850000,50.753333,54.913333,8308.040000,3.730000,3.730000,0.623333,29.013333,67.988000,76.853333,67.988000,26.913333,105.666667,3610
53.016667,45.780000,49.180000,8188.510000,3.810000,3.810000,0.680707,26.340000,61.514000,69.390000,61.514000,23.890000,94.960000,3620
33.190000,46.893333,52.170000,8176.870000,3.930000,3.930000,1.096061,27.133333,62.644667,72.750000,62.644667,26.013333,99.063333,3630
34.860000,51.266667,54.846667,8087.350000,4.030000,4.030000,1.241515,29.170000,66.428000,77.870000,66.428000,28.346667,106.113333,3640
33.720000,52.143333,55.430000,8177.790000,3.870000,3.870000,0.679899,29.550000,69.582000,78.740000,69.582000,27.136667,107.573333,3650
40.190000,49.600000,52.986667,7964.650000,3.510000,3.510000,0.494848,28.203333,64.236000,74.176667,64.236000,27.393333,102.586667,3660
37.230000,49.810000,53.550000,7549.210000,3.530000,3.530000,0.776869,28.183333,65.630000,76.006667,65.630000,26.950000,103.360000,3670
32.420000,50.553333,54.926667,7476.210000,3.140000,3.140000,0.202424,28.903333,67.731333,76.536667,67.731333,26.963333,105.480000,3680
40.280000,48.933333,53.616667,7459.740000,3.260000,3.260000,0.497374,28.396667,66.126667,76.726667,66.126667,26.016667,102.550000,3690
30.083333,50.873333,55.953333,7285.650000,3.380000,3.380000,0.823838,28.966667,64.294667,77.866667,64.294667,30.380000,106.826667,3700
43.850000,48.406667,51.716667,7581.320000,4.230000,4.230000,0.906162,27.843333,65.123333,75.100000,65.123333,25.000000,100.123333,3710
47.080000,50.236667,55.700000,7489.290000,4.560000,4.560000,1.198384,28.836667,66.620000,77.556667,66.620000,28.083333,105.936667,3720
35.983333,53.056667,57.330000,7317.170000,4.320000,4.320000,0.563232,30.360000,70.174000,79.770000,70.174000,28.723333,110.386667,3730
34.910000,51.786667,58.156667,7668.520000,4.460000,4.460000,0.513535,29.933333,69.502000,79.773333,69.502000,28.886667,109.943333,3740
34.260000,51.680000,57.793333,7845.730000,5.010000,5.010000,1.161515,29.343333,66.484000,79.956667,66.484000,30.706667,109.473333,3750
39.293333,49.776667,55.233333,7708.860000,4.360000,4.360000,0.778182,28.596667,66.314000,77.683333,66.314000,27.640000,105.010000,3760
36.260000,51.920000,55.096667,7794.150000,4.140000,4.140000,0.646869,29.810000,68.708000,77.476667,68.708000,27.363333,107.016667,3770
34.580000,49.113333,54.396667,7815.890000,3.860000,3.860000,0.929697,28.146667,65.682000,77.963333,65.682000,27.020000,103.510000,3780
33.860000,53.383333,57.936667,6808.880000,3.680000,3.680000,0.401616,30.360000,69.754000,80.716667,69.754000,29.690000,111.320000,3790
42.876667,51.473333,54.903333,6342.970000,4.140000,4.140000,0.687273,29.316667,68.810000,76.676667,68.810000,26.833333,106.376667,3800
33.960000,51.636667,57.836667,6697.100000,4.120000,4.120000,1.379394,29.573333,66.880667,79.673333,66.880667,30.423333,109.473333,3810
37.396667,52.006667,55.820000,6663.000000,3.830000,3.830000,0.708182,29.593333,69.070000,77.866667,69.070000,27.683333,107.826667,3820
42.493333,48.426667,53.436667,6503.000000,3.610000,3.610000,0.704949,28.106667,64.544000,74.200000,64.544000,26.656667,101.863333,3830
38.150000,48.016667,52.943333,6898.060000,4.340000,4.340000,1.054949,27.783333,64.527333,73.716667,64.527333,26.023333,100.960000,3840
28.260000,53.466667,56.563333,7155.250000,4.390000,4.390000,0.563535,30.380000,69.075333,82.023333,69.075333,29.253333,110.030000,3850
36.213333,51.933333,56.120000,7306.700000,4.430000,4.430000,0.712222,29.786667,67.584000,77.910000,67.584000,28.906667,108.053333,3860
41.410000,50.643333,53.753333,7856.780000,4.440000,4.440000,1.440808,28.770000,63.474667,75.340000,63.474667,29.230000,104.396667,3870
39.753333,48.826667,53.593333,8206.470000,4.750000,4.750000,1.946970,28.070000,63.252667,74.046667,63.252667,27.976667,102.420000,3880
38.830000,56.580000,57.803333,8176.430000,5.660000,5.660000,3.054949,30.166667,66.853333,83.783333,66.853333,33.950000,114.383333,3890
31.983333,54.496667,59.160000,7769.380000,4.600000,4.600000,2.101010,30.800000,67.638667,82.633333,67.638667,32.870000,113.656667,3900
42.373333,51.346667,54.273333,7472.880000,4.170000,4.170000,0.809192,29.123333,67.292667,76.573333,67.292667,27.376667,105.620000,3910
40.653333,50.780000,54.746667,8814.620000,4.840000,4.840000,1.812525,28.213333,60.628667,76.940000,60.628667,32.070000,105.526667,3920
38.043333,51.136667,55.386667,8567.550000,4.590000,4.590000,4.102929,28.393333,64.948000,77.730000,64.948000,29.696667,106.523333,3930
42.106667,53.273333,57.233333,8548.520000,4.750000,4.750000,2.492424,29.760000,67.587333,80.363333,67.587333,30.656667,110.506667,3940
28.990000,48.996667,52.923333,7258.300000,4.130000,4.130000,0.619293,27.880000,65.660000,74.466667,65.660000,25.900000,101.920000,3950
35.206667,49.063333,54.136667,7337.390000,3.880000,3.880000,0.914747,28.246667,65.437333,74.983333,65.437333,26.973333,103.200000,3960
26.123333,48.413333,52.616667,7275.310000,4.310000,4.310000,1.953434,28.006667,65.353333,74.640000,65.353333,25.483333,101.030000,3970
33.080000,50.776667,55.746667,8207.420000,3.980000,3.980000,1.534949,28.970000,68.779333,77.380000,68.779333,26.960000,106.523333,3980
38.496667,49.833333,55.136667,9198.410000,4.750000,4.750000,1.825758,29.043333,68.607333,77.016667,68.607333,25.973333,104.970000,3990
36.403333,47.706667,51.626667,9165.210000,4.340000,4.340000,1.883232,27.346667,63.232000,74.306667,63.232000,25.786667,99.333333,4000
30.240000,48.406667,51.506667,9727.830000,4.240000,4.240000,1.861010,27.206667,63.238000,75.900000,63.238000,26.196667,99.913333,4010
28.240000,50.503333,57.313333,9350.120000,4.580000,4.580000,2.225859,28.793333,66.722000,80.703333,66.722000,29.353333,107.816667,4020
40.720000,46.920000,51.573333,9851.420000,4.720000,4.720000,2.062222,27.293333,62.200667,73.470000,62.200667,25.923333,98.493333,4030
29.853333,52.563333,57.730000,9884.710000,4.300000,4.300000,0.939394,29.943333,68.438000,80.626667,68.438000,29.896667,110.293333,4040
38.386667,47.610000,52.443333,9725.880000,4.490000,4.490000,0.999899,27.690000,63.550667,74.273333,63.550667,26.073333,100.053333,4050
32.596667,48.273333,52.763333,9203.170000,4.490000,4.490000,0.575657,28.050000,64.725333,74.720000,64.725333,25.936667,101.036667,4060
28.106667,47.670000,53.063333,9579.100000,4.400000,4.400000,0.363636,28.166667,64.968000,74.516667,64.968000,25.546667,100.733333,4070
32.300000,50.866667,54.660000,9394.580000,4.550000,4.550000,0.694444,28.680000,66.266000,77.690000,66.266000,28.043333,105.526667,4080
31.953333,48.803333,53.683333,9904.800000,4.540000,4.540000,1.119596,28.266667,63.212000,75.223333,63.212000,28.053333,102.486667,4090
40.143333,48.033333,52.020000,10356.790000,4.830000,4.830000,1.172828,27.263333,63.854000,76.683333,63.854000,25.856667,100.053333,4100
38.543333,47.413333,52.773333,9993.680000,4.890000,4.890000,2.058485,27.283333,64.402667,73.810000,64.402667,25.560000,100.186667,4110
38.306667,49.636667,57.046667,10130.950000,5.550000,5.550000,2.714646,29.016667,65.248000,77.380000,65.248000,29.596667,106.683333,4120
30.143333,50.520000,55.603333,8765.510000,4.800000,4.800000,2.525253,29.203333,66.391333,78.500000,66.391333,28.380000,106.123333,4130
26.666667,49.843333,56.200000,9732.210000,5.150000,5.150000,1.825758,28.820000,66.162000,77.890000,66.162000,28.486667,106.043333,4140
43.736667,48.610000,52.253333,10834.980000,5.630000,5.630000,1.871818,27.443333,63.049333,74.313333,63.049333,27.010000,100.863333,4150
36.223333,50.163333,55.723333,10833.600000,5.950000,5.950000,2.916667,29.176667,68.264000,76.430000,68.264000,26.873333,105.886667,4160
36.326667,53.206667,57.190000,12743.870000,7.660000,7.660000,2.711515,30.186667,70.132667,80.146667,70.132667,28.760000,110.396667,4170
38.110000,49.833333,53.643333,13165.840000,6.440000,6.440000,2.854949,28.260000,65.928667,76.273333,65.928667,26.820000,103.476667,4180
41.803333,49.906667,54.560000,13284.330000,7.180000,7.180000,4.593535,28.713333,65.117333,76.423333,65.117333,28.106667,104.466667,4190
46.023333,50.213333,54.826667,13506.360000,7.370000,7.370000,5.892020,28.356667,62.246667,77.113333,62.246667,30.566667,105.040000,4200
35.893333,53.560000,57.243333,13958.590000,6.620000,6.620000,7.732929,30.633333,69.769333,80.393333,69.769333,29.310000,110.803333,4210
42.710000,51.410000,54.780000,14660.370000,5.550000,5.550000,2.633838,28.660000,65.039333,77.206667,65.039333,29.393333,106.190000,4220
35.853333,52.340000,56.323333,14559.480000,5.000000,5.000000,2.505051,29.723333,67.200000,81.016667,67.200000,29.616667,108.663333,4230
34.023333,51.643333,55.363333,14588.300000,5.140000,5.140000,1.656970,29.460000,67.013333,78.753333,67.013333,28.566667,107.006667,4240
31.753333,52.043333,55.916667,13580.890000,5.750000,5.750000,1.684343,29.600000,68.111333,78.453333,68.111333,28.463333,107.960000,4250
40.353333,51.546667,55.003333,13839.100000,5.640000,5.640000,3.020606,29.040000,66.556667,77.236667,66.556667,28.566667,106.550000,4260
28.273333,51.926667,56.150000,13537.400000,4.910000,4.910000,1.436263,29.500000,67.836000,79.576667,67.836000,28.743333,108.076667,4270
35.866667,48.266667,52.360000,13094.700000,4.960000,4.960000,2.240808,27.530000,62.784667,76.816667,62.784667,27.030000,100.626667,4280
29.513333,54.420000,57.516667,13180.070000,4.870000,4.870000,1.811212,30.590000,70.179333,81.536667,70.179333,29.826667,111.936667,4290
23.436667,48.700000,55.250000,12629.080000,5.010000,5.010000,1.686768,28.790000,66.094000,76.736667,66.094000,27.040000,103.950000,4300
37.573333,50.106667,55.010000,12664.910000,4.160000,4.160000,0.782222,29.270000,65.977333,77.136667,65.977333,27.956667,105.116667,4310
26.516667,53.623333,59.053333,13191.350000,4.270000,4.270000,0.764747,30.656667,71.040667,81.743333,71.040667,29.740000,112.676667,4320
30.796667,50.720000,55.626667,12819.360000,4.430000,4.430000,0.591010,28.210000,65.392000,77.816667,65.392000,29.253333,106.346667,4330
38.006667,50.936667,56.050000,12603.710000,4.260000,4.260000,0.477172,30.016667,67.133333,76.956667,67.133333,28.466667,106.986667,4340
39.750000,49.093333,55.443333,13036.700000,5.210000,5.210000,2.834242,28.326667,64.440667,77.700000,64.440667,28.640000,104.536667,4350
40.566667,45.590000,51.026667,13918.690000,5.990000,5.990000,4.616061,26.200000,59.190000,71.753333,59.190000,26.733333,96.616667,4360
49.276667,43.600000,49.800000,13758.150000,6.110000,6.110000,1.977677,24.893333,54.890667,68.673333,54.890667,27.506667,93.400000,4370
40.970000,49.013333,53.866667,14340.050000,6.150000,6.150000,1.542929,28.163333,63.535333,76.213333,63.535333,28.103333,102.880000,4380
35.906667,50.390000,55.630000,14304.600000,5.820000,5.820000,1.442020,28.823333,66.288000,76.873333,66.288000,28.380000,106.020000,4390
31.576667,44.896667,51.353333,14215.600000,5.840000,5.840000,1.751919,26.280000,61.861333,72.123333,61.861333,24.563333,96.250000,4400
39.926667,48.143333,54.063333,13665.920000,5.910000,5.910000,1.173636,27.123333,62.274000,75.343333,62.274000,28.523333,102.206667,4410
35.270000,49.410000,52.096667,13318.560000,4.870000,4.870000,1.649596,27.636667,63.580667,75.070000,63.580667,27.090000,101.506667,4420
39.496667,52.660000,59.703333,12713.980000,5.370000,5.370000,2.215253,30.230000,67.988000,81.830000,67.988000,31.696667,112.363333,4430
32.700000,52.666667,57.130000,13557.290000,5.630000,5.630000,4.094040,30.186667,68.893333,81.120000,68.893333,29.216667,109.796667,4440
41.360000,49.443333,54.150000,14216.300000,5.120000,5.120000,2.470303,28.236667,65.023333,75.060000,65.023333,27.550000,103.593333,4450
37.520000,53.843333,57.380000,14450.570000,4.870000,4.870000,1.467778,30.573333,69.288667,81.343333,69.288667,29.953333,111.223333,4460
26.026667,49.916667,54.570000,15141.590000,4.560000,4.560000,0.976162,28.730000,65.333333,76.833333,65.333333,27.966667,104.486667,4470
30.030000,52.803333,58.663333,15347.890000,4.630000,4.630000,0.962727,30.680000,72.042667,80.526667,72.042667,28.160000,111.466667,4480
35.856667,49.603333,53.526667,15783.960000,4.710000,4.710000,0.935253,28.660000,66.193333,77.170000,66.193333,26.383333,103.130000,4490
36.450000,50.480000,54.560000,14874.710000,3.750000,3.750000,0.674242,28.866667,66.484000,77.750000,66.484000,27.540000,105.040000,4500
35.810000,47.753333,51.103333,15777.880000,3.890000,3.890000,0.684747,27.466667,63.306000,72.183333,63.306000,25.393333,98.856667,4510
31.150000,50.803333,55.433333,16569.350000,4.130000,4.130000,1.528384,29.310000,68.642000,79.096667,68.642000,26.853333,106.236667,4520
34.896667,51.790000,56.416667,15667.390000,4.070000,4.070000,1.742525,29.326667,67.480667,79.683333,67.480667,29.090000,108.206667,4530
30.016667,51.603333,55.883333,13987.690000,3.800000,3.800000,1.737374,29.543333,68.627333,77.660000,68.627333,27.756667,107.486667,4540
41.600000,46.360000,51.353333,13960.040000,3.840000,3.840000,0.883232,26.796667,61.990000,71.150000,61.990000,25.516667,97.713333,4550
34.446667,49.280000,54.400000,12381.730000,3.900000,3.900000,1.101010,28.733333,67.653333,77.553333,67.653333,25.733333,103.680000,4560
30.750000,51.736667,57.493333,12588.130000,3.730000,3.730000,0.784949,30.063333,70.296000,78.816667,70.296000,27.810000,109.230000,4570
25.586667,49.793333,55.966667,12670.580000,3.930000,3.930000,1.277879,28.553333,64.833333,78.053333,64.833333,29.233333,105.760000,4580
38.586667,48.710000,52.773333,12124.650000,4.180000,4.180000,1.623838,28.143333,64.248000,72.983333,64.248000,26.596667,101.483333,4590
38.363333,51.853333,56.950000,12539.450000,4.060000,4.060000,1.107475,30.113333,71.054667,78.373333,71.054667,26.963333,108.803333,4600
29.196667,51.150000,55.953333,12386.030000,4.370000,4.370000,1.831414,29.096667,67.044667,79.273333,67.044667,28.613333,107.103333,4610
34.976667,50.633333,53.966667,12296.600000,4.010000,4.010000,1.504949,28.443333,64.653333,76.220000,64.653333,28.533333,104.600000,4620
30.833333,48.283333,52.233333,12776.120000,3.340000,3.340000,0.650909,27.680000,63.454000,76.043333,63.454000,26.473333,100.516667,4630
35.306667,47.440000,51.086667,12891.850000,3.210000,3.210000,0.248384,27.193333,64.642000,74.003333,64.642000,24.203333,98.526667,4640
40.233333,47.366667,52.780000,13009.110000,3.350000,3.350000,0.573232,27.210000,62.650000,72.636667,62.650000,26.783333,100.146667,4650
33.123333,49.360000,53.306667,13473.320000,3.410000,3.410000,0.789798,28.420000,65.972667,75.843333,65.972667,26.210000,102.666667,4660
38.190000,50.176667,53.896667,14374.230000,3.610000,3.610000,1.169596,28.793333,65.223333,77.150000,65.223333,27.750000,104.073333,4670
46.006667,47.023333,51.080000,14382.820000,3.640000,3.640000,1.162020,27.013333,61.964667,72.216667,61.964667,25.813333,98.103333,4680
38.310000,47.576667,52.476667,14230.390000,3.510000,3.510000,0.919091,27.703333,63.546000,75.526667,63.546000,26.076667,100.053333,4690
36.316667,48.013333,53.666667,14211.650000,3.730000,3.730000,0.865758,27.933333,63.707333,75.400000,63.707333,27.123333,101.680000,4700
46.966667,49.773333,52.313333,14333.540000,3.980000,3.980000,1.696566,28.046667,63.474667,74.953333,63.474667,27.580000,102.086667,4710
45.030000,49.276667,52.080000,14488.790000,4.240000,4.240000,1.840808,27.996667,61.914000,75.133333,61.914000,28.173333,101.356667,4720
37.666667,52.260000,56.556667,13810.930000,3.940000,3.940000,1.087273,29.493333,69.220000,78.933333,69.220000,28.283333,108.816667,4730
42.966667,46.326667,51.493333,13516.960000,3.500000,3.500000,0.616162,26.816667,61.098000,71.633333,61.098000,26.230000,97.820000,4740
34.273333,51.093333,54.526667,13952.440000,3.420000,3.420000,0.427879,28.760000,66.261333,77.273333,66.261333,28.113333,105.620000,4750
30.916667,49.260000,54.976667,14117.290000,3.640000,3.640000,0.495354,28.353333,65.116000,76.546667,65.116000,27.943333,104.236667,4760
39.943333,51.473333,57.496667,14287.070000,4.130000,4.130000,0.578889,30.116667,69.303333,78.646667,69.303333,28.333333,108.970000,4770
35.253333,51.933333,56.893333,14653.510000,3.900000,3.900000,0.818182,29.890000,66.696000,79.503333,66.696000,30.093333,108.826667,4780
29.000000,48.560000,53.176667,13525.190000,4.010000,4.010000,1.302929,27.866667,63.344000,75.203333,63.344000,27.423333,101.736667,4790
35.896667,51.153333,52.783333,13232.230000,3.650000,3.650000,1.179293,28.343333,65.609333,75.506667,65.609333,27.376667,103.936667,4800
52.573333,47.303333,50.463333,12962.130000,3.900000,3.900000,0.777778,27.066667,60.606000,70.313333,60.606000,26.543333,97.766667,4810
41.426667,49.393333,53.486667,13231.900000,3.740000,3.740000,0.881212,27.726667,60.408667,77.246667,60.408667,30.336667,102.880000,4820
45.430000,52.056667,53.856667,13243.470000,3.880000,3.880000,1.197576,28.796667,62.401333,76.843333,62.401333,31.080000,105.913333,4830
39.833333,52.420000,55.300000,12009.230000,3.660000,3.660000,1.378182,29.446667,64.021333,78.350000,64.021333,31.213333,107.720000,4840
33.430000,51.040000,54.320000,11336.000000,3.370000,3.370000,0.356667,28.763333,64.638667,76.323333,64.638667,29.086667,105.360000,4850
38.683333,50.123333,53.683333,11144.130000,3.680000,3.680000,0.704646,28.200000,63.234667,76.320000,63.234667,28.980000,103.806667,4860
37.776667,51.600000,56.403333,11473.470000,3.690000,3.690000,0.438283,29.230000,66.740667,78.813333,66.740667,29.473333,108.003333,4870
37.523333,50.543333,55.326667,10884.490000,3.170000,3.170000,0.283939,28.876667,67.043333,77.333333,67.043333,27.733333,105.870000,4880
34.436667,50.973333,56.113333,10799.630000,3.110000,3.110000,0.199899,29.503333,68.325333,78.133333,68.325333,27.686667,107.086667,4890
37.093333,49.733333,55.520000,9798.970000,3.420000,3.420000,0.347071,28.966667,65.624000,81.080000,65.624000,28.306667,105.253333,4900
37.530000,49.143333,53.240000,10121.250000,3.230000,3.230000,0.320303,27.840000,61.998000,76.156667,61.998000,28.846667,102.383333,4910
25.503333,48.410000,54.226667,9747.810000,3.280000,3.280000,0.365253,27.320000,61.327333,77.093333,61.327333,29.506667,102.636667,4920
29.636667,52.033333,56.916667,9893.180000,3.190000,3.190000,0.377677,29.806667,68.746667,81.450000,68.746667,28.716667,108.950000,4930
35.553333,51.520000,56.720000,9782.920000,3.030000,3.030000,0.191010,29.460000,67.584000,80.006667,67.584000,29.040000,108.240000,4940
32.306667,47.610000,52.213333,9444.930000,3.110000,3.110000,0.280707,27.386667,64.314667,73.940000,64.314667,25.363333,99.823333,4950
30.013333,46.690000,51.206667,9411.030000,3.410000,3.410000,0.648384,27.100000,64.142667,73.826667,64.142667,24.110000,97.896667,4960
45.313333,47.313333,50.926667,9298.210000,3.260000,3.260000,0.477172,27.146667,63.240000,74.553333,63.240000,25.000000,98.240000,4970
31.120000,52.163333,57.763333,10123.160000,3.490000,3.490000,0.757475,29.986667,68.444667,81.230000,68.444667,29.630000,109.926667,4980
31.546667,52.816667,57.050000,9553.220000,3.980000,3.980000,0.848081,30.156667,69.607333,80.076667,69.607333,28.756667,109.866667,4990
38.236667,48.826667,53.800000,10002.790000,4.250000,4.250000,0.957071,28.066667,66.012000,74.410000,66.012000,26.153333,102.626667,5000
